<?xml version="1.0"?>
<gpx version="1.1" creator="GDAL 2.2.3" xmlns:xsi="http://www.w3.org/2001/XMLSchema-instance" xmlns:ogr="http://osgeo.org/gdal" xmlns="http://www.topografix.com/GPX/1/1" xsi:schemaLocation="http://www.topografix.com/GPX/1/1 http://www.topografix.com/GPX/1/1/gpx.xsd">
<metadata><bounds minlat="52.001779995773262" minlon="-0.733979987475201" maxlat="52.050899995812514" maxlon="-0.699409987476576"/></metadata>                  
<trk>
  <name>New Heritage Route C - Ouzel Valley</name>
  <type>MAIN</type>
  <extensions>
    <ogr:tessellate>1.0</ogr:tessellate>
    <ogr:extrude>0.0</ogr:extrude>
    <ogr:visibility>-1.0</ogr:visibility>
    <ogr:orig_ogc_fid>0</ogr:orig_ogc_fid>
  </extensions>
  <trkseg>
    <trkpt lat="52.050079995811842" lon="-0.722909987467938">
    </trkpt>
    <trkpt lat="52.049989995811778" lon="-0.722829987467947">
    </trkpt>
    <trkpt lat="52.049179995811123" lon="-0.722359987468152">
    </trkpt>
    <trkpt lat="52.048609995810665" lon="-0.72197998746827">
    </trkpt>
    <trkpt lat="52.048279995810383" lon="-0.721739987468331">
    </trkpt>
    <trkpt lat="52.047939995810111" lon="-0.72148998746839">
    </trkpt>
    <trkpt lat="52.047839995810044" lon="-0.721389987468395">
    </trkpt>
    <trkpt lat="52.047779995809996" lon="-0.721319987468391">
    </trkpt>
    <trkpt lat="52.047729995809959" lon="-0.721229987468373">
    </trkpt>
    <trkpt lat="52.047669995809919" lon="-0.721129987468357">
    </trkpt>
    <trkpt lat="52.047649995809877" lon="-0.721079987468343">
    </trkpt>
    <trkpt lat="52.047509995809769" lon="-0.720529987468143">
    </trkpt>
    <trkpt lat="52.04739999580967" lon="-0.720129987468003">
    </trkpt>
    <trkpt lat="52.047369995809674" lon="-0.719939987467925">
    </trkpt>
    <trkpt lat="52.04734999580964" lon="-0.719779987467855">
    </trkpt>
    <trkpt lat="52.047339995809608" lon="-0.719619987467781">
    </trkpt>
    <trkpt lat="52.047329995809605" lon="-0.719379987467666">
    </trkpt>
    <trkpt lat="52.047299995809595" lon="-0.719059987467522">
    </trkpt>
    <trkpt lat="52.047279995809568" lon="-0.718739987467373">
    </trkpt>
    <trkpt lat="52.047189995809511" lon="-0.718729987467417">
    </trkpt>
    <trkpt lat="52.047089995809401" lon="-0.718729987467471">
    </trkpt>
    <trkpt lat="52.046939995809275" lon="-0.718729987467552">
    </trkpt>
    <trkpt lat="52.046889995809259" lon="-0.718739987467585">
    </trkpt>
    <trkpt lat="52.046789995809192" lon="-0.718749987467644">
    </trkpt>
    <trkpt lat="52.046639995809059" lon="-0.718799987467751">
    </trkpt>
    <trkpt lat="52.046539995808985" lon="-0.718859987467836">
    </trkpt>
    <trkpt lat="52.046469995808927" lon="-0.718899987467894">
    </trkpt>
    <trkpt lat="52.046379995808856" lon="-0.718939987467963">
    </trkpt>
    <trkpt lat="52.046329995808804" lon="-0.71897998746801">
    </trkpt>
    <trkpt lat="52.046279995808767" lon="-0.719039987468067">
    </trkpt>
    <trkpt lat="52.046219995808734" lon="-0.719119987468139">
    </trkpt>
    <trkpt lat="52.046019995808578" lon="-0.719459987468418">
    </trkpt>
    <trkpt lat="52.045989995808561" lon="-0.719499987468454">
    </trkpt>
    <trkpt lat="52.045969995808541" lon="-0.719529987468481">
    </trkpt>
    <trkpt lat="52.045939995808517" lon="-0.719539987468502">
    </trkpt>
    <trkpt lat="52.045859995808442" lon="-0.71954998746855">
    </trkpt>
    <trkpt lat="52.045809995808405" lon="-0.719559987468583">
    </trkpt>
    <trkpt lat="52.045669995808296" lon="-0.719559987468658">
    </trkpt>
    <trkpt lat="52.045379995808069" lon="-0.719569987468821">
    </trkpt>
    <trkpt lat="52.045229995807929" lon="-0.719569987468902">
    </trkpt>
    <trkpt lat="52.045159995807879" lon="-0.719549987468931">
    </trkpt>
    <trkpt lat="52.045089995807835" lon="-0.719529987468959">
    </trkpt>
    <trkpt lat="52.045079995807832" lon="-0.719529987468965">
    </trkpt>
    <trkpt lat="52.045009995807774" lon="-0.719489987468982">
    </trkpt>
    <trkpt lat="52.044909995807679" lon="-0.719399987468992">
    </trkpt>
    <trkpt lat="52.044839995807635" lon="-0.719349987469005">
    </trkpt>
    <trkpt lat="52.044809995807626" lon="-0.719359987469026">
    </trkpt>
    <trkpt lat="52.044789995807598" lon="-0.719389987469052">
    </trkpt>
    <trkpt lat="52.044749995807557" lon="-0.719459987469109">
    </trkpt>
    <trkpt lat="52.044689995807509" lon="-0.719579987469201">
    </trkpt>
    <trkpt lat="52.044619995807459" lon="-0.719729987469314">
    </trkpt>
    <trkpt lat="52.044499995807371" lon="-0.720109987469571">
    </trkpt>
    <trkpt lat="52.044379995807283" lon="-0.720529987469846">
    </trkpt>
    <trkpt lat="52.044369995807259" lon="-0.720569987469871">
    </trkpt>
    <trkpt lat="52.044319995807243" lon="-0.720739987469984">
    </trkpt>
    <trkpt lat="52.044279995807202" lon="-0.72086998747007">
    </trkpt>
    <trkpt lat="52.044259995807174" lon="-0.720969987470131">
    </trkpt>
    <trkpt lat="52.044259995807181" lon="-0.721029987470161">
    </trkpt>
    <trkpt lat="52.044239995807175" lon="-0.721089987470202">
    </trkpt>
    <trkpt lat="52.044229995807171" lon="-0.721119987470222">
    </trkpt>
    <trkpt lat="52.04421999580714" lon="-0.721149987470243">
    </trkpt>
    <trkpt lat="52.044189995807137" lon="-0.721209987470289">
    </trkpt>
    <trkpt lat="52.04417999580712" lon="-0.721239987470309">
    </trkpt>
    <trkpt lat="52.044129995807076" lon="-0.721319987470376">
    </trkpt>
    <trkpt lat="52.044089995807049" lon="-0.721419987470449">
    </trkpt>
    <trkpt lat="52.04402999580698" lon="-0.721569987470557">
    </trkpt>
    <trkpt lat="52.04382999580686" lon="-0.722219987470991">
    </trkpt>
    <trkpt lat="52.043659995806706" lon="-0.722769987471358">
    </trkpt>
    <trkpt lat="52.04362999580669" lon="-0.722869987471425">
    </trkpt>
    <trkpt lat="52.043359995806476" lon="-0.723669987471971">
    </trkpt>
    <trkpt lat="52.043229995806378" lon="-0.723959987472187">
    </trkpt>
    <trkpt lat="52.043129995806297" lon="-0.724109987472317">
    </trkpt>
    <trkpt lat="52.043039995806211" lon="-0.724239987472431">
    </trkpt>
    <trkpt lat="52.04285999580609" lon="-0.724369987472594">
    </trkpt>
    <trkpt lat="52.042709995805971" lon="-0.724429987472705">
    </trkpt>
    <trkpt lat="52.042679995805962" lon="-0.724429987472722">
    </trkpt>
    <trkpt lat="52.042649995805924" lon="-0.724429987472738">
    </trkpt>
    <trkpt lat="52.042619995805893" lon="-0.72443998747276">
    </trkpt>
    <trkpt lat="52.042599995805887" lon="-0.724459987472781">
    </trkpt>
    <trkpt lat="52.04257999580588" lon="-0.724479987472801">
    </trkpt>
    <trkpt lat="52.042539995805846" lon="-0.724509987472838">
    </trkpt>
    <trkpt lat="52.042469995805781" lon="-0.724539987472891">
    </trkpt>
    <trkpt lat="52.042009995805408" lon="-0.724679987473211">
    </trkpt>
    <trkpt lat="52.041849995805293" lon="-0.724749987473333">
    </trkpt>
    <trkpt lat="52.041769995805218" lon="-0.724779987473392">
    </trkpt>
    <trkpt lat="52.041679995805161" lon="-0.724789987473446">
    </trkpt>
    <trkpt lat="52.041609995805089" lon="-0.724769987473474">
    </trkpt>
    <trkpt lat="52.041559995805045" lon="-0.724749987473491">
    </trkpt>
    <trkpt lat="52.041499995805005" lon="-0.724729987473513">
    </trkpt>
    <trkpt lat="52.041469995804981" lon="-0.72472998747353">
    </trkpt>
    <trkpt lat="52.041429995804961" lon="-0.724749987473561">
    </trkpt>
    <trkpt lat="52.041389995804906" lon="-0.724779987473599">
    </trkpt>
    <trkpt lat="52.041339995804876" lon="-0.724759987473616">
    </trkpt>
    <trkpt lat="52.04127999580485" lon="-0.724739987473638">
    </trkpt>
    <trkpt lat="52.041199995804774" lon="-0.724709987473667">
    </trkpt>
    <trkpt lat="52.041129995804702" lon="-0.724709987473705">
    </trkpt>
    <trkpt lat="52.041059995804659" lon="-0.724709987473743">
    </trkpt>
    <trkpt lat="52.040999995804604" lon="-0.724709987473775">
    </trkpt>
    <trkpt lat="52.04044999580416" lon="-0.724469987473955">
    </trkpt>
    <trkpt lat="52.040409995804147" lon="-0.724459987473971">
    </trkpt>
    <trkpt lat="52.040389995804134" lon="-0.724469987473987">
    </trkpt>
    <trkpt lat="52.040349995804071" lon="-0.724489987474019">
    </trkpt>
    <trkpt lat="52.040329995804058" lon="-0.724529987474049">
    </trkpt>
    <trkpt lat="52.040309995804044" lon="-0.724559987474076">
    </trkpt>
    <trkpt lat="52.040259995804028" lon="-0.724589987474118">
    </trkpt>
    <trkpt lat="52.040209995803991" lon="-0.724609987474155">
    </trkpt>
    <trkpt lat="52.040159995803947" lon="-0.724609987474182">
    </trkpt>
    <trkpt lat="52.040079995803865" lon="-0.724569987474207">
    </trkpt>
    <trkpt lat="52.040029995803842" lon="-0.724539987474218">
    </trkpt>
    <trkpt lat="52.03996999580378" lon="-0.724509987474235">
    </trkpt>
    <trkpt lat="52.03990999580374" lon="-0.724479987474253">
    </trkpt>
    <trkpt lat="52.03985999580371" lon="-0.724459987474271">
    </trkpt>
    <trkpt lat="52.039829995803672" lon="-0.724419987474267">
    </trkpt>
    <trkpt lat="52.039809995803665" lon="-0.724379987474258">
    </trkpt>
    <trkpt lat="52.039749995803611" lon="-0.724329987474265">
    </trkpt>
    <trkpt lat="52.039579995803471" lon="-0.724189987474287">
    </trkpt>
    <trkpt lat="52.039499995803418" lon="-0.724099987474286">
    </trkpt>
    <trkpt lat="52.039409995803339" lon="-0.72396998747427">
    </trkpt>
    <trkpt lat="52.039239995803214" lon="-0.723639987474197">
    </trkpt>
    <trkpt lat="52.03916999580315" lon="-0.72350998747417">
    </trkpt>
    <trkpt lat="52.039129995803123" lon="-0.723429987474152">
    </trkpt>
    <trkpt lat="52.039079995803071" lon="-0.723339987474134">
    </trkpt>
    <trkpt lat="52.03878999580283" lon="-0.722999987474122">
    </trkpt>
    <trkpt lat="52.038759995802799" lon="-0.722959987474118">
    </trkpt>
    <trkpt lat="52.038749995802782" lon="-0.722919987474103">
    </trkpt>
    <trkpt lat="52.038729995802797" lon="-0.722869987474089">
    </trkpt>
    <trkpt lat="52.038729995802782" lon="-0.722809987474059">
    </trkpt>
    <trkpt lat="52.038719995802794" lon="-0.722469987473894">
    </trkpt>
    <trkpt lat="52.03870999580279" lon="-0.722399987473865">
    </trkpt>
    <trkpt lat="52.038689995802756" lon="-0.722329987473841">
    </trkpt>
    <trkpt lat="52.038669995802749" lon="-0.722279987473827">
    </trkpt>
    <trkpt lat="52.03860999580268" lon="-0.72219998747382">
    </trkpt>
    <trkpt lat="52.038489995802578" lon="-0.722099987473835">
    </trkpt>
    <trkpt lat="52.038369995802498" lon="-0.722009987473856">
    </trkpt>
    <trkpt lat="52.038349995802463" lon="-0.721989987473856">
    </trkpt>
    <trkpt lat="52.038309995802457" lon="-0.721969987473868">
    </trkpt>
    <trkpt lat="52.038269995802395" lon="-0.721959987473885">
    </trkpt>
    <trkpt lat="52.038219995802365" lon="-0.721969987473917">
    </trkpt>
    <trkpt lat="52.03815999580231" lon="-0.721969987473949">
    </trkpt>
    <trkpt lat="52.038109995802294" lon="-0.721959987473972">
    </trkpt>
    <trkpt lat="52.038039995802229" lon="-0.721939987474">
    </trkpt>
    <trkpt lat="52.037999995802203" lon="-0.721909987474006">
    </trkpt>
    <trkpt lat="52.037949995802165" lon="-0.721839987473998">
    </trkpt>
    <trkpt lat="52.037889995802118" lon="-0.721749987473986">
    </trkpt>
    <trkpt lat="52.037749995801995" lon="-0.721489987473933">
    </trkpt>
    <trkpt lat="52.037699995801958" lon="-0.721399987473915">
    </trkpt>
    <trkpt lat="52.037629995801886" lon="-0.721299987473903">
    </trkpt>
    <trkpt lat="52.037579995801842" lon="-0.721219987473889">
    </trkpt>
    <trkpt lat="52.037479995801768" lon="-0.721119987473894">
    </trkpt>
    <trkpt lat="52.037409995801717" lon="-0.721069987473908">
    </trkpt>
    <trkpt lat="52.037359995801687" lon="-0.72103998747392">
    </trkpt>
    <trkpt lat="52.037309995801635" lon="-0.721039987473947">
    </trkpt>
    <trkpt lat="52.037199995801558" lon="-0.721039987474007">
    </trkpt>
    <trkpt lat="52.037089995801473" lon="-0.720999987474046">
    </trkpt>
    <trkpt lat="52.037049995801425" lon="-0.720949987474043">
    </trkpt>
    <trkpt lat="52.037019995801394" lon="-0.720879987474025">
    </trkpt>
    <trkpt lat="52.036999995801388" lon="-0.720819987474006">
    </trkpt>
    <trkpt lat="52.036959995801354" lon="-0.720619987473927">
    </trkpt>
    <trkpt lat="52.036899995801321" lon="-0.720479987473889">
    </trkpt>
    <trkpt lat="52.036859995801272" lon="-0.720399987473872">
    </trkpt>
    <trkpt lat="52.036799995801225" lon="-0.720329987473869">
    </trkpt>
    <trkpt lat="52.036739995801177" lon="-0.720269987473871">
    </trkpt>
    <trkpt lat="52.036619995801104" lon="-0.720189987473897">
    </trkpt>
    <trkpt lat="52.036489995800984" lon="-0.720109987473928">
    </trkpt>
    <trkpt lat="52.036449995800943" lon="-0.720059987473924">
    </trkpt>
    <trkpt lat="52.036419995800919" lon="-0.719999987473911">
    </trkpt>
    <trkpt lat="52.036389995800903" lon="-0.719909987473882">
    </trkpt>
    <trkpt lat="52.036329995800855" lon="-0.71973998747383">
    </trkpt>
    <trkpt lat="52.036259995800791" lon="-0.719609987473803">
    </trkpt>
    <trkpt lat="52.036109995800665" lon="-0.719429987473795">
    </trkpt>
    <trkpt lat="52.036009995800597" lon="-0.719339987473804">
    </trkpt>
    <trkpt lat="52.035929995800529" lon="-0.719259987473807">
    </trkpt>
    <trkpt lat="52.035859995800458" lon="-0.719169987473801">
    </trkpt>
    <trkpt lat="52.035799995800417" lon="-0.719099987473798">
    </trkpt>
    <trkpt lat="52.035779995800404" lon="-0.719039987473779">
    </trkpt>
    <trkpt lat="52.035769995800393" lon="-0.719019987473775">
    </trkpt>
    <trkpt lat="52.035759995800404" lon="-0.718889987473715">
    </trkpt>
    <trkpt lat="52.03574999580038" lon="-0.71876998747366">
    </trkpt>
    <trkpt lat="52.03574999580038" lon="-0.718609987473581">
    </trkpt>
    <trkpt lat="52.035769995800393" lon="-0.71842998747348">
    </trkpt>
    <trkpt lat="52.035769995800393" lon="-0.718349987473439">
    </trkpt>
    <trkpt lat="52.035779995800404" lon="-0.718239987473379">
    </trkpt>
    <trkpt lat="52.035759995800397" lon="-0.718089987473315">
    </trkpt>
    <trkpt lat="52.035739995800377" lon="-0.717959987473262">
    </trkpt>
    <trkpt lat="52.035509995800176" lon="-0.717319987473066">
    </trkpt>
    <trkpt lat="52.035489995800177" lon="-0.717249987473042">
    </trkpt>
    <trkpt lat="52.035459995800132" lon="-0.717199987473033">
    </trkpt>
    <trkpt lat="52.035419995800098" lon="-0.717179987473046">
    </trkpt>
    <trkpt lat="52.035379995800078" lon="-0.717159987473057">
    </trkpt>
    <trkpt lat="52.035239995799962" lon="-0.717119987473113">
    </trkpt>
    <trkpt lat="52.03516999579989" lon="-0.717069987473127">
    </trkpt>
    <trkpt lat="52.035099995799854" lon="-0.71699998747313">
    </trkpt>
    <trkpt lat="52.035009995799783" lon="-0.716849987473104">
    </trkpt>
    <trkpt lat="52.034849995799632" lon="-0.716539987473036">
    </trkpt>
    <trkpt lat="52.034799995799602" lon="-0.716469987473028">
    </trkpt>
    <trkpt lat="52.034749995799572" lon="-0.71641998747303">
    </trkpt>
    <trkpt lat="52.034699995799528" lon="-0.716379987473037">
    </trkpt>
    <trkpt lat="52.034669995799497" lon="-0.716359987473044">
    </trkpt>
    <trkpt lat="52.034599995799454" lon="-0.716329987473067">
    </trkpt>
    <trkpt lat="52.034509995799368" lon="-0.716319987473111">
    </trkpt>
    <trkpt lat="52.034469995799341" lon="-0.716319987473133">
    </trkpt>
    <trkpt lat="52.034389995799273" lon="-0.716299987473166">
    </trkpt>
    <trkpt lat="52.034309995799227" lon="-0.716259987473189">
    </trkpt>
    <trkpt lat="52.034229995799151" lon="-0.716239987473222">
    </trkpt>
    <trkpt lat="52.034109995799049" lon="-0.716169987473254">
    </trkpt>
    <trkpt lat="52.034049995799016" lon="-0.716109987473256">
    </trkpt>
    <trkpt lat="52.03396999579892" lon="-0.71602998747326">
    </trkpt>
    <trkpt lat="52.033859995798863" lon="-0.71584998747323">
    </trkpt>
    <trkpt lat="52.033819995798837" lon="-0.715809987473232">
    </trkpt>
    <trkpt lat="52.033779995798781" lon="-0.715769987473234">
    </trkpt>
    <trkpt lat="52.033729995798765" lon="-0.715739987473246">
    </trkpt>
    <trkpt lat="52.033629995798648" lon="-0.71569998747328">
    </trkpt>
    <trkpt lat="52.033559995798612" lon="-0.715679987473309">
    </trkpt>
    <trkpt lat="52.033499995798572" lon="-0.715659987473331">
    </trkpt>
    <trkpt lat="52.03344999579852" lon="-0.715639987473349">
    </trkpt>
    <trkpt lat="52.033299995798401" lon="-0.71553998747338">
    </trkpt>
    <trkpt lat="52.03325999579836" lon="-0.715519987473392">
    </trkpt>
    <trkpt lat="52.033219995798333" lon="-0.715519987473414">
    </trkpt>
    <trkpt lat="52.032999995798171" lon="-0.715499987473524">
    </trkpt>
    <trkpt lat="52.032869995798059" lon="-0.715499987473594">
    </trkpt>
    <trkpt lat="52.032779995797988" lon="-0.715539987473663">
    </trkpt>
    <trkpt lat="52.032679995797913" lon="-0.715569987473733">
    </trkpt>
    <trkpt lat="52.032599995797838" lon="-0.715549987473766">
    </trkpt>
    <trkpt lat="52.032509995797767" lon="-0.7155199874738">
    </trkpt>
    <trkpt lat="52.032469995797761" lon="-0.715469987473797">
    </trkpt>
    <trkpt lat="52.032389995797672" lon="-0.715359987473785">
    </trkpt>
    <trkpt lat="52.032239995797582" lon="-0.715199987473788">
    </trkpt>
    <trkpt lat="52.032059995797411" lon="-0.71500998747379">
    </trkpt>
    <trkpt lat="52.032029995797373" lon="-0.714999987473801">
    </trkpt>
    <trkpt lat="52.032009995797367" lon="-0.714979987473804">
    </trkpt>
    <trkpt lat="52.031869995797251" lon="-0.714849987473814">
    </trkpt>
    <trkpt lat="52.031739995797153" lon="-0.71473998747383">
    </trkpt>
    <trkpt lat="52.031649995797068" lon="-0.714679987473849">
    </trkpt>
    <trkpt lat="52.031559995796997" lon="-0.714619987473867">
    </trkpt>
    <trkpt lat="52.031469995796932" lon="-0.714539987473876">
    </trkpt>
    <trkpt lat="52.031419995796881" lon="-0.714489987473879">
    </trkpt>
    <trkpt lat="52.031369995796865" lon="-0.714429987473876">
    </trkpt>
    <trkpt lat="52.031289995796797" lon="-0.714319987473865">
    </trkpt>
    <trkpt lat="52.031229995796735" lon="-0.714249987473863">
    </trkpt>
    <trkpt lat="52.031169995796709" lon="-0.714189987473866">
    </trkpt>
    <trkpt lat="52.031119995796644" lon="-0.714119987473858">
    </trkpt>
    <trkpt lat="52.031099995796652" lon="-0.714079987473848">
    </trkpt>
    <trkpt lat="52.03103999579659" lon="-0.713979987473831">
    </trkpt>
    <trkpt lat="52.030969995796539" lon="-0.71385998747381">
    </trkpt>
    <trkpt lat="52.030919995796481" lon="-0.713749987473782">
    </trkpt>
    <trkpt lat="52.030859995796447" lon="-0.713579987473729">
    </trkpt>
    <trkpt lat="52.030799995796379" lon="-0.713369987473658">
    </trkpt>
    <trkpt lat="52.030779995796358" lon="-0.713199987473584">
    </trkpt>
    <trkpt lat="52.030769995796391" lon="-0.713109987473544">
    </trkpt>
    <trkpt lat="52.030769995796369" lon="-0.71305998747352">
    </trkpt>
    <trkpt lat="52.030769995796376" lon="-0.712969987473474">
    </trkpt>
    <trkpt lat="52.030769995796376" lon="-0.712839987473409">
    </trkpt>
    <trkpt lat="52.030769995796369" lon="-0.71275998747337">
    </trkpt>
    <trkpt lat="52.030769995796383" lon="-0.71273998747336">
    </trkpt>
    <trkpt lat="52.030759995796366" lon="-0.712709987473351">
    </trkpt>
    <trkpt lat="52.030759995796359" lon="-0.712689987473339">
    </trkpt>
    <trkpt lat="52.030749995796349" lon="-0.712669987473336">
    </trkpt>
    <trkpt lat="52.030739995796338" lon="-0.712649987473331">
    </trkpt>
    <trkpt lat="52.030729995796349" lon="-0.712629987473326">
    </trkpt>
    <trkpt lat="52.0307099957963" lon="-0.712599987473322">
    </trkpt>
    <trkpt lat="52.030699995796319" lon="-0.712569987473313">
    </trkpt>
    <trkpt lat="52.030689995796287" lon="-0.712569987473318">
    </trkpt>
    <trkpt lat="52.030679995796284" lon="-0.712559987473318">
    </trkpt>
    <trkpt lat="52.030559995796196" lon="-0.712399987473304">
    </trkpt>
    <trkpt lat="52.030449995796111" lon="-0.712259987473294">
    </trkpt>
    <trkpt lat="52.030319995796027" lon="-0.712119987473295">
    </trkpt>
    <trkpt lat="52.030229995795928" lon="-0.712019987473294">
    </trkpt>
    <trkpt lat="52.030119995795836" lon="-0.711919987473304">
    </trkpt>
    <trkpt lat="52.030079995795816" lon="-0.71188998747331">
    </trkpt>
    <trkpt lat="52.030019995795769" lon="-0.711859987473329">
    </trkpt>
    <trkpt lat="52.029959995795721" lon="-0.711839987473351">
    </trkpt>
    <trkpt lat="52.02991999579568" lon="-0.711819987473363">
    </trkpt>
    <trkpt lat="52.029879995795646" lon="-0.711819987473385">
    </trkpt>
    <trkpt lat="52.029859995795633" lon="-0.711819987473395">
    </trkpt>
    <trkpt lat="52.029769995795561" lon="-0.711839987473455">
    </trkpt>
    <trkpt lat="52.029749995795534" lon="-0.711839987473466">
    </trkpt>
    <trkpt lat="52.029739995795531" lon="-0.711839987473471">
    </trkpt>
    <trkpt lat="52.029709995795507" lon="-0.711839987473488">
    </trkpt>
    <trkpt lat="52.029699995795504" lon="-0.711849987473498">
    </trkpt>
    <trkpt lat="52.029629995795432" lon="-0.711899987473561">
    </trkpt>
    <trkpt lat="52.029539995795396" lon="-0.711939987473629">
    </trkpt>
    <trkpt lat="52.029419995795287" lon="-0.71198998747372">
    </trkpt>
    <trkpt lat="52.029329995795223" lon="-0.712019987473784">
    </trkpt>
    <trkpt lat="52.029229995795127" lon="-0.712039987473849">
    </trkpt>
    <trkpt lat="52.029109995795039" lon="-0.712049987473919">
    </trkpt>
    <trkpt lat="52.029079995795016" lon="-0.712049987473935">
    </trkpt>
    <trkpt lat="52.028949995794925" lon="-0.712039987474">
    </trkpt>
    <trkpt lat="52.028639995794656" lon="-0.71199998747415">
    </trkpt>
    <trkpt lat="52.02858999579464" lon="-0.711979987474167">
    </trkpt>
    <trkpt lat="52.028569995794612" lon="-0.711969987474173">
    </trkpt>
    <trkpt lat="52.028549995794599" lon="-0.711959987474179">
    </trkpt>
    <trkpt lat="52.028539995794574" lon="-0.71194998747418">
    </trkpt>
    <trkpt lat="52.028519995794561" lon="-0.711939987474185">
    </trkpt>
    <trkpt lat="52.028499995794554" lon="-0.711939987474196">
    </trkpt>
    <trkpt lat="52.028489995794537" lon="-0.711929987474197">
    </trkpt>
    <trkpt lat="52.028479995794534" lon="-0.711929987474202">
    </trkpt>
    <trkpt lat="52.028259995794379" lon="-0.711989987474351">
    </trkpt>
    <trkpt lat="52.028139995794284" lon="-0.712049987474447">
    </trkpt>
    <trkpt lat="52.028049995794191" lon="-0.712139987474542">
    </trkpt>
    <trkpt lat="52.027979995794134" lon="-0.712239987474629">
    </trkpt>
    <trkpt lat="52.0279199957941" lon="-0.712369987474727">
    </trkpt>
    <trkpt lat="52.027839995794025" lon="-0.712559987474866">
    </trkpt>
    <trkpt lat="52.027789995793995" lon="-0.712749987474987">
    </trkpt>
    <trkpt lat="52.027749995793961" lon="-0.712869987475069">
    </trkpt>
    <trkpt lat="52.027699995793931" lon="-0.713009987475166">
    </trkpt>
    <trkpt lat="52.027659995793897" lon="-0.713139987475252">
    </trkpt>
    <trkpt lat="52.027619995793849" lon="-0.713239987475325">
    </trkpt>
    <trkpt lat="52.027529995793785" lon="-0.713409987475458">
    </trkpt>
    <trkpt lat="52.027399995793701" lon="-0.713669987475659">
    </trkpt>
    <trkpt lat="52.027309995793601" lon="-0.713789987475769">
    </trkpt>
    <trkpt lat="52.027269995793588" lon="-0.71382998747581">
    </trkpt>
    <trkpt lat="52.027229995793576" lon="-0.713869987475851">
    </trkpt>
    <trkpt lat="52.027169995793528" lon="-0.713899987475899">
    </trkpt>
    <trkpt lat="52.027099995793449" lon="-0.713929987475953">
    </trkpt>
    <trkpt lat="52.026999995793368" lon="-0.713979987476032">
    </trkpt>
    <trkpt lat="52.026909995793297" lon="-0.714019987476101">
    </trkpt>
    <trkpt lat="52.02683999579321" lon="-0.714069987476164">
    </trkpt>
    <trkpt lat="52.026809995793215" lon="-0.714099987476195">
    </trkpt>
    <trkpt lat="52.026779995793198" lon="-0.714139987476232">
    </trkpt>
    <trkpt lat="52.026759995793185" lon="-0.714189987476267">
    </trkpt>
    <trkpt lat="52.026749995793161" lon="-0.714229987476293">
    </trkpt>
    <trkpt lat="52.026739995793172" lon="-0.714299987476334">
    </trkpt>
    <trkpt lat="52.026739995793172" lon="-0.714399987476384">
    </trkpt>
    <trkpt lat="52.026739995793164" lon="-0.714509987476438">
    </trkpt>
    <trkpt lat="52.02673999579315" lon="-0.714559987476463">
    </trkpt>
    <trkpt lat="52.026749995793189" lon="-0.714669987476513">
    </trkpt>
    <trkpt lat="52.026739995793172" lon="-0.714759987476563">
    </trkpt>
    <trkpt lat="52.026729995793175" lon="-0.714849987476614">
    </trkpt>
    <trkpt lat="52.026719995793151" lon="-0.714939987476664">
    </trkpt>
    <trkpt lat="52.02669999579313" lon="-0.71500998747671">
    </trkpt>
    <trkpt lat="52.026659995793104" lon="-0.715109987476782">
    </trkpt>
    <trkpt lat="52.026609995793066" lon="-0.715179987476843">
    </trkpt>
    <trkpt lat="52.026589995793053" lon="-0.71522998747688">
    </trkpt>
    <trkpt lat="52.026549995793012" lon="-0.71532998747695">
    </trkpt>
    <trkpt lat="52.026529995792998" lon="-0.715419987477007">
    </trkpt>
    <trkpt lat="52.026499995792975" lon="-0.715539987477083">
    </trkpt>
    <trkpt lat="52.026449995792952" lon="-0.71565998747717">
    </trkpt>
    <trkpt lat="52.026389995792897" lon="-0.715799987477273">
    </trkpt>
    <trkpt lat="52.026359995792873" lon="-0.715829987477304">
    </trkpt>
    <trkpt lat="52.02632999579285" lon="-0.715849987477331">
    </trkpt>
    <trkpt lat="52.02628999579283" lon="-0.715859987477357">
    </trkpt>
    <trkpt lat="52.026199995792751" lon="-0.715869987477411">
    </trkpt>
    <trkpt lat="52.026179995792745" lon="-0.715879987477426">
    </trkpt>
    <trkpt lat="52.026169995792721" lon="-0.715879987477432">
    </trkpt>
    <trkpt lat="52.02615999579271" lon="-0.715879987477438">
    </trkpt>
    <trkpt lat="52.026129995792694" lon="-0.715879987477454">
    </trkpt>
    <trkpt lat="52.02606999579266" lon="-0.715869987477482">
    </trkpt>
    <trkpt lat="52.026049995792619" lon="-0.715869987477493">
    </trkpt>
    <trkpt lat="52.026029995792605" lon="-0.715869987477504">
    </trkpt>
    <trkpt lat="52.026019995792588" lon="-0.71586998747751">
    </trkpt>
    <trkpt lat="52.0259899957926" lon="-0.71589998747754">
    </trkpt>
    <trkpt lat="52.025969995792586" lon="-0.715929987477566">
    </trkpt>
    <trkpt lat="52.025939995792527" lon="-0.715979987477608">
    </trkpt>
    <trkpt lat="52.025899995792507" lon="-0.716009987477644">
    </trkpt>
    <trkpt lat="52.025879995792494" lon="-0.716009987477655">
    </trkpt>
    <trkpt lat="52.025839995792474" lon="-0.716009987477678">
    </trkpt>
    <trkpt lat="52.025799995792411" lon="-0.715989987477689">
    </trkpt>
    <trkpt lat="52.025709995792361" lon="-0.715969987477728">
    </trkpt>
    <trkpt lat="52.025629995792293" lon="-0.715969987477772">
    </trkpt>
    <trkpt lat="52.025559995792243" lon="-0.715989987477819">
    </trkpt>
    <trkpt lat="52.025409995792117" lon="-0.716039987477927">
    </trkpt>
    <trkpt lat="52.025269995792023" lon="-0.716059987478013">
    </trkpt>
    <trkpt lat="52.025189995791955" lon="-0.716069987478061">
    </trkpt>
    <trkpt lat="52.025099995791876" lon="-0.716059987478105">
    </trkpt>
    <trkpt lat="52.025009995791784" lon="-0.716039987478144">
    </trkpt>
    <trkpt lat="52.024769995791623" lon="-0.715939987478225">
    </trkpt>
    <trkpt lat="52.024639995791503" lon="-0.715899987478275">
    </trkpt>
    <trkpt lat="52.024539995791422" lon="-0.715849987478305">
    </trkpt>
    <trkpt lat="52.024449995791372" lon="-0.715829987478345">
    </trkpt>
    <trkpt lat="52.024369995791311" lon="-0.715799987478373">
    </trkpt>
    <trkpt lat="52.02428999579125" lon="-0.715769987478402">
    </trkpt>
    <trkpt lat="52.024059995791028" lon="-0.715609987478447">
    </trkpt>
    <trkpt lat="52.023999995791023" lon="-0.715569987478459">
    </trkpt>
    <trkpt lat="52.023939995790947" lon="-0.715449987478433">
    </trkpt>
    <trkpt lat="52.023899995790913" lon="-0.715279987478369">
    </trkpt>
    <trkpt lat="52.023879995790914" lon="-0.71513998747831">
    </trkpt>
    <trkpt lat="52.023829995790862" lon="-0.714969987478252">
    </trkpt>
    <trkpt lat="52.023819995790831" lon="-0.714919987478232">
    </trkpt>
    <trkpt lat="52.02375999579079" lon="-0.714709987478162">
    </trkpt>
    <trkpt lat="52.023699995790743" lon="-0.714489987478084">
    </trkpt>
    <trkpt lat="52.023629995790699" lon="-0.714339987478047">
    </trkpt>
    <trkpt lat="52.023619995790696" lon="-0.714299987478032">
    </trkpt>
    <trkpt lat="52.023459995790539" lon="-0.713849987477895">
    </trkpt>
    <trkpt lat="52.023409995790502" lon="-0.713629987477813">
    </trkpt>
    <trkpt lat="52.023379995790492" lon="-0.713409987477719">
    </trkpt>
    <trkpt lat="52.02335999579045" lon="-0.713139987477596">
    </trkpt>
    <trkpt lat="52.023349995790454" lon="-0.713019987477541">
    </trkpt>
    <trkpt lat="52.023359995790464" lon="-0.712939987477496">
    </trkpt>
    <trkpt lat="52.023309995790427" lon="-0.712919987477512">
    </trkpt>
    <trkpt lat="52.023289995790421" lon="-0.712909987477519">
    </trkpt>
    <trkpt lat="52.023109995790271" lon="-0.712849987477588">
    </trkpt>
    <trkpt lat="52.022809995790027" lon="-0.712779987477716">
    </trkpt>
    <trkpt lat="52.022719995789963" lon="-0.712739987477745">
    </trkpt>
    <trkpt lat="52.022569995789844" lon="-0.712599987477756">
    </trkpt>
    <trkpt lat="52.022539995789813" lon="-0.712549987477747">
    </trkpt>
    <trkpt lat="52.022489995789769" lon="-0.712529987477765">
    </trkpt>
    <trkpt lat="52.022209995789559" lon="-0.712509987477908">
    </trkpt>
    <trkpt lat="52.022069995789423" lon="-0.712519987477989">
    </trkpt>
    <trkpt lat="52.022009995789389" lon="-0.712519987478022">
    </trkpt>
    <trkpt lat="52.021969995789377" lon="-0.712529987478048">
    </trkpt>
    <trkpt lat="52.021769995789199" lon="-0.712609987478197">
    </trkpt>
    <trkpt lat="52.021699995789142" lon="-0.71261998747824">
    </trkpt>
    <trkpt lat="52.021629995789098" lon="-0.712619987478279">
    </trkpt>
    <trkpt lat="52.021589995789057" lon="-0.712609987478296">
    </trkpt>
    <trkpt lat="52.021569995789037" lon="-0.712589987478296">
    </trkpt>
    <trkpt lat="52.021309995788833" lon="-0.712119987478203">
    </trkpt>
    <trkpt lat="52.021249995788807" lon="-0.711999987478176">
    </trkpt>
    <trkpt lat="52.021229995788772" lon="-0.711939987478158">
    </trkpt>
    <trkpt lat="52.021219995788755" lon="-0.711899987478143">
    </trkpt>
    <trkpt lat="52.021139995788694" lon="-0.711489987477982">
    </trkpt>
    <trkpt lat="52.021119995788673" lon="-0.711399987477948">
    </trkpt>
    <trkpt lat="52.021089995788643" lon="-0.711319987477924">
    </trkpt>
    <trkpt lat="52.021049995788616" lon="-0.711259987477916">
    </trkpt>
    <trkpt lat="52.020879995788491" lon="-0.711079987477919">
    </trkpt>
    <trkpt lat="52.020719995788355" lon="-0.710949987477941">
    </trkpt>
    <trkpt lat="52.020609995788277" lon="-0.710839987477947">
    </trkpt>
    <trkpt lat="52.020529995788202" lon="-0.71075998747795">
    </trkpt>
    <trkpt lat="52.020399995788097" lon="-0.710559987477922">
    </trkpt>
    <trkpt lat="52.020289995788019" lon="-0.710429987477916">
    </trkpt>
    <trkpt lat="52.020259995787974" lon="-0.710449987477943">
    </trkpt>
    <trkpt lat="52.020249995787971" lon="-0.710449987477948">
    </trkpt>
    <trkpt lat="52.020159995787907" lon="-0.710419987477982">
    </trkpt>
    <trkpt lat="52.020099995787859" lon="-0.71040998747801">
    </trkpt>
    <trkpt lat="52.020039995787812" lon="-0.710389987478033">
    </trkpt>
    <trkpt lat="52.019949995787726" lon="-0.710369987478072">
    </trkpt>
    <trkpt lat="52.019859995787662" lon="-0.710309987478091">
    </trkpt>
    <trkpt lat="52.019809995787632" lon="-0.710279987478103">
    </trkpt>
    <trkpt lat="52.019749995787592" lon="-0.710239987478116">
    </trkpt>
    <trkpt lat="52.01968999578753" lon="-0.710209987478134">
    </trkpt>
    <trkpt lat="52.019629995787483" lon="-0.710199987478161">
    </trkpt>
    <trkpt lat="52.019559995787418" lon="-0.7101999874782">
    </trkpt>
    <trkpt lat="52.019509995787374" lon="-0.710199987478227">
    </trkpt>
    <trkpt lat="52.019459995787351" lon="-0.710219987478263">
    </trkpt>
    <trkpt lat="52.019389995787307" lon="-0.710239987478313">
    </trkpt>
    <trkpt lat="52.019269995787184" lon="-0.710349987478432">
    </trkpt>
    <trkpt lat="52.019109995787055" lon="-0.710399987478545">
    </trkpt>
    <trkpt lat="52.01899999578697" lon="-0.710439987478625">
    </trkpt>
    <trkpt lat="52.018929995786934" lon="-0.710469987478678">
    </trkpt>
    <trkpt lat="52.018859995786855" lon="-0.710509987478736">
    </trkpt>
    <trkpt lat="52.018779995786815" lon="-0.7105499874788">
    </trkpt>
    <trkpt lat="52.018699995786733" lon="-0.710599987478868">
    </trkpt>
    <trkpt lat="52.018609995786676" lon="-0.710709987478972">
    </trkpt>
    <trkpt lat="52.018549995786614" lon="-0.710799987479049">
    </trkpt>
    <trkpt lat="52.018429995786541" lon="-0.710949987479189">
    </trkpt>
    <trkpt lat="52.018359995786476" lon="-0.711039987479273">
    </trkpt>
    <trkpt lat="52.018309995786424" lon="-0.711109987479335">
    </trkpt>
    <trkpt lat="52.018239995786374" lon="-0.711169987479403">
    </trkpt>
    <trkpt lat="52.018209995786357" lon="-0.711199987479434">
    </trkpt>
    <trkpt lat="52.018189995786337" lon="-0.711219987479455">
    </trkpt>
    <trkpt lat="52.01810999578629" lon="-0.711269987479523">
    </trkpt>
    <trkpt lat="52.018029995786215" lon="-0.711329987479597">
    </trkpt>
    <trkpt lat="52.017959995786164" lon="-0.711339987479641">
    </trkpt>
    <trkpt lat="52.017909995786127" lon="-0.711349987479672">
    </trkpt>
    <trkpt lat="52.017859995786097" lon="-0.711349987479699">
    </trkpt>
    <trkpt lat="52.01772999578597" lon="-0.711359987479776">
    </trkpt>
    <trkpt lat="52.017649995785916" lon="-0.711369987479824">
    </trkpt>
    <trkpt lat="52.017569995785848" lon="-0.711399987479883">
    </trkpt>
    <trkpt lat="52.01751999578579" lon="-0.711429987479925">
    </trkpt>
    <trkpt lat="52.017399995785709" lon="-0.711499987480026">
    </trkpt>
    <trkpt lat="52.017309995785659" lon="-0.711559987480104">
    </trkpt>
    <trkpt lat="52.017279995785607" lon="-0.71157998748013">
    </trkpt>
    <trkpt lat="52.017229995785591" lon="-0.711619987480178">
    </trkpt>
    <trkpt lat="52.017189995785529" lon="-0.71163998748021">
    </trkpt>
    <trkpt lat="52.017139995785499" lon="-0.711659987480247">
    </trkpt>
    <trkpt lat="52.017069995785448" lon="-0.71166998748029">
    </trkpt>
    <trkpt lat="52.016999995785419" lon="-0.711679987480333">
    </trkpt>
    <trkpt lat="52.016909995785333" lon="-0.711669987480377">
    </trkpt>
    <trkpt lat="52.016819995785234" lon="-0.711649987480417">
    </trkpt>
    <trkpt lat="52.016739995785201" lon="-0.71162998748045">
    </trkpt>
    <trkpt lat="52.01668999578515" lon="-0.711609987480467">
    </trkpt>
    <trkpt lat="52.016649995785123" lon="-0.711609987480489">
    </trkpt>
    <trkpt lat="52.016629995785095" lon="-0.7116099874805">
    </trkpt>
    <trkpt lat="52.016609995785103" lon="-0.711609987480511">
    </trkpt>
    <trkpt lat="52.016539995785031" lon="-0.711639987480564">
    </trkpt>
    <trkpt lat="52.016459995784984" lon="-0.711709987480642">
    </trkpt>
    <trkpt lat="52.016369995784885" lon="-0.711779987480727">
    </trkpt>
    <trkpt lat="52.016339995784861" lon="-0.711809987480758">
    </trkpt>
    <trkpt lat="52.016329995784872" lon="-0.711819987480768">
    </trkpt>
    <trkpt lat="52.016299995784848" lon="-0.7116499874807">
    </trkpt>
    <trkpt lat="52.016229995784776" lon="-0.711269987480549">
    </trkpt>
    <trkpt lat="52.016149995784723" lon="-0.711039987480477">
    </trkpt>
    <trkpt lat="52.016119995784685" lon="-0.710969987480458">
    </trkpt>
    <trkpt lat="52.016099995784685" lon="-0.7108299874804">
    </trkpt>
    <trkpt lat="52.015869995784499" lon="-0.71091998748057">
    </trkpt>
    <trkpt lat="52.015819995784454" lon="-0.710979987480627">
    </trkpt>
    <trkpt lat="52.015829995784465" lon="-0.711079987480672">
    </trkpt>
    <trkpt lat="52.015829995784479" lon="-0.711209987480737">
    </trkpt>
    <trkpt lat="52.015799995784441" lon="-0.711359987480827">
    </trkpt>
    <trkpt lat="52.01569999578436" lon="-0.711489987480947">
    </trkpt>
    <trkpt lat="52.015599995784271" lon="-0.711559987481036">
    </trkpt>
    <trkpt lat="52.01546999578418" lon="-0.711569987481112">
    </trkpt>
    <trkpt lat="52.015299995784062" lon="-0.71149998748117">
    </trkpt>
    <trkpt lat="52.015159995783939" lon="-0.711359987481176">
    </trkpt>
    <trkpt lat="52.015019995783817" lon="-0.711199987481173">
    </trkpt>
    <trkpt lat="52.01453999578343" lon="-0.710539987481105">
    </trkpt>
    <trkpt lat="52.0144899957834" lon="-0.710499987481113">
    </trkpt>
    <trkpt lat="52.01405999578305" lon="-0.710079987481139">
    </trkpt>
    <trkpt lat="52.014079995783071" lon="-0.710079987481127">
    </trkpt>
    <trkpt lat="52.014159995783132" lon="-0.710019987481054">
    </trkpt>
    <trkpt lat="52.014259995783199" lon="-0.709919987480949">
    </trkpt>
    <trkpt lat="52.01433999578326" lon="-0.709839987480866">
    </trkpt>
    <trkpt lat="52.014409995783332" lon="-0.709729987480772">
    </trkpt>
    <trkpt lat="52.014499995783396" lon="-0.70951998748062">
    </trkpt>
    <trkpt lat="52.014579995783464" lon="-0.709319987480476">
    </trkpt>
    <trkpt lat="52.014619995783491" lon="-0.709159987480375">
    </trkpt>
    <trkpt lat="52.014669995783514" lon="-0.708989987480262">
    </trkpt>
    <trkpt lat="52.014749995783596" lon="-0.708659987480054">
    </trkpt>
    <trkpt lat="52.01477999578362" lon="-0.708569987479993">
    </trkpt>
    <trkpt lat="52.014829995783643" lon="-0.708469987479916">
    </trkpt>
    <trkpt lat="52.014879995783701" lon="-0.708359987479833">
    </trkpt>
    <trkpt lat="52.014939995783742" lon="-0.708239987479741">
    </trkpt>
    <trkpt lat="52.014999995783782" lon="-0.708109987479644">
    </trkpt>
    <trkpt lat="52.01506999578384" lon="-0.707939987479521">
    </trkpt>
    <trkpt lat="52.015099995783864" lon="-0.707869987479469">
    </trkpt>
    <trkpt lat="52.015129995783902" lon="-0.707779987479408">
    </trkpt>
    <trkpt lat="52.015159995783911" lon="-0.707689987479347">
    </trkpt>
    <trkpt lat="52.015199995783945" lon="-0.70761998747929">
    </trkpt>
    <trkpt lat="52.015209995783948" lon="-0.707599987479276">
    </trkpt>
    <trkpt lat="52.015799995784405" lon="-0.705689987478002">
    </trkpt>
    <trkpt lat="52.015809995784416" lon="-0.705679987477991">
    </trkpt>
    <trkpt lat="52.015829995784429" lon="-0.705649987477965">
    </trkpt>
    <trkpt lat="52.015839995784418" lon="-0.70560998747794">
    </trkpt>
    <trkpt lat="52.015839995784432" lon="-0.705569987477919">
    </trkpt>
    <trkpt lat="52.015839995784418" lon="-0.705479987477875">
    </trkpt>
    <trkpt lat="52.015829995784422" lon="-0.705369987477826">
    </trkpt>
    <trkpt lat="52.015809995784409" lon="-0.705279987477792">
    </trkpt>
    <trkpt lat="52.015799995784398" lon="-0.705219987477767">
    </trkpt>
    <trkpt lat="52.015779995784385" lon="-0.705169987477753">
    </trkpt>
    <trkpt lat="52.01575999578435" lon="-0.705139987477749">
    </trkpt>
    <trkpt lat="52.015729995784348" lon="-0.705109987477751">
    </trkpt>
    <trkpt lat="52.015699995784331" lon="-0.705099987477762">
    </trkpt>
    <trkpt lat="52.015669995784293" lon="-0.705079987477769">
    </trkpt>
    <trkpt lat="52.015579995784229" lon="-0.705069987477812">
    </trkpt>
    <trkpt lat="52.015569995784197" lon="-0.705079987477823">
    </trkpt>
    <trkpt lat="52.015509995784178" lon="-0.70512998747788">
    </trkpt>
    <trkpt lat="52.015459995784127" lon="-0.705179987477934">
    </trkpt>
    <trkpt lat="52.015419995784079" lon="-0.705259987477994">
    </trkpt>
    <trkpt lat="52.015399995784072" lon="-0.705239987477995">
    </trkpt>
    <trkpt lat="52.014969995783737" lon="-0.70501998747812">
    </trkpt>
    <trkpt lat="52.01475999578355" lon="-0.704899987478175">
    </trkpt>
    <trkpt lat="52.01467999578351" lon="-0.704889987478214">
    </trkpt>
    <trkpt lat="52.014629995783451" lon="-0.704909987478252">
    </trkpt>
    <trkpt lat="52.014529995783391" lon="-0.704949987478325">
    </trkpt>
    <trkpt lat="52.014489995783343" lon="-0.704969987478358">
    </trkpt>
    <trkpt lat="52.014409995783289" lon="-0.705009987478421">
    </trkpt>
    <trkpt lat="52.014349995783256" lon="-0.705029987478464">
    </trkpt>
    <trkpt lat="52.014279995783191" lon="-0.705019987478497">
    </trkpt>
    <trkpt lat="52.014159995783089" lon="-0.704969987478538">
    </trkpt>
    <trkpt lat="52.014109995783045" lon="-0.704929987478545">
    </trkpt>
    <trkpt lat="52.014049995783019" lon="-0.704869987478548">
    </trkpt>
    <trkpt lat="52.01399999578296" lon="-0.70477998747853">
    </trkpt>
    <trkpt lat="52.013929995782902" lon="-0.704609987478484">
    </trkpt>
    <trkpt lat="52.013869995782869" lon="-0.704369987478396">
    </trkpt>
    <trkpt lat="52.013829995782828" lon="-0.704259987478364">
    </trkpt>
    <trkpt lat="52.01379999578279" lon="-0.704189987478345">
    </trkpt>
    <trkpt lat="52.01374999578276" lon="-0.704119987478337">
    </trkpt>
    <trkpt lat="52.013699995782723" lon="-0.704079987478345">
    </trkpt>
    <trkpt lat="52.013619995782648" lon="-0.704039987478368">
    </trkpt>
    <trkpt lat="52.013529995782598" lon="-0.703989987478392">
    </trkpt>
    <trkpt lat="52.013469995782536" lon="-0.703909987478386">
    </trkpt>
    <trkpt lat="52.01344999578253" lon="-0.703869987478377">
    </trkpt>
    <trkpt lat="52.013409995782489" lon="-0.703759987478344">
    </trkpt>
    <trkpt lat="52.013399995782464" lon="-0.703659987478299">
    </trkpt>
    <trkpt lat="52.013409995782503" lon="-0.703599987478265">
    </trkpt>
    <trkpt lat="52.013419995782463" lon="-0.703529987478224">
    </trkpt>
    <trkpt lat="52.013449995782508" lon="-0.703459987478172">
    </trkpt>
    <trkpt lat="52.013499995782553" lon="-0.703329987478081">
    </trkpt>
    <trkpt lat="52.013569995782618" lon="-0.703189987477973">
    </trkpt>
    <trkpt lat="52.013599995782634" lon="-0.703119987477921">
    </trkpt>
    <trkpt lat="52.013649995782664" lon="-0.703069987477869">
    </trkpt>
    <trkpt lat="52.013699995782723" lon="-0.703029987477822">
    </trkpt>
    <trkpt lat="52.01370999578274" lon="-0.703019987477811">
    </trkpt>
    <trkpt lat="52.013699995782723" lon="-0.702989987477802">
    </trkpt>
    <trkpt lat="52.013679995782695" lon="-0.702959987477799">
    </trkpt>
    <trkpt lat="52.013669995782685" lon="-0.702929987477789">
    </trkpt>
    <trkpt lat="52.013679995782695" lon="-0.702909987477773">
    </trkpt>
    <trkpt lat="52.013689995782705" lon="-0.702879987477752">
    </trkpt>
    <trkpt lat="52.013769995782752" lon="-0.702679987477609">
    </trkpt>
    <trkpt lat="52.0138099957828" lon="-0.702599987477547">
    </trkpt>
    <trkpt lat="52.0138299957828" lon="-0.702549987477512">
    </trkpt>
    <trkpt lat="52.013849995782842" lon="-0.702509987477481">
    </trkpt>
    <trkpt lat="52.013879995782865" lon="-0.702509987477464">
    </trkpt>
    <trkpt lat="52.013909995782896" lon="-0.702469987477429">
    </trkpt>
    <trkpt lat="52.013939995782884" lon="-0.702399987477377">
    </trkpt>
    <trkpt lat="52.013949995782923" lon="-0.702339987477342">
    </trkpt>
    <trkpt lat="52.013959995782933" lon="-0.702209987477271">
    </trkpt>
    <trkpt lat="52.013949995782923" lon="-0.702159987477252">
    </trkpt>
    <trkpt lat="52.013929995782874" lon="-0.702079987477224">
    </trkpt>
    <trkpt lat="52.013859995782845" lon="-0.701969987477207">
    </trkpt>
    <trkpt lat="52.01379999578279" lon="-0.701859987477185">
    </trkpt>
    <trkpt lat="52.013619995782641" lon="-0.701519987477114">
    </trkpt>
    <trkpt lat="52.013519995782552" lon="-0.701289987477054">
    </trkpt>
    <trkpt lat="52.013489995782521" lon="-0.701199987477025">
    </trkpt>
    <trkpt lat="52.013459995782512" lon="-0.701089987476987">
    </trkpt>
    <trkpt lat="52.013439995782491" lon="-0.700979987476943">
    </trkpt>
    <trkpt lat="52.013409995782474" lon="-0.70087998747691">
    </trkpt>
    <trkpt lat="52.01338999578244" lon="-0.700789987476876">
    </trkpt>
    <trkpt lat="52.01334999578242" lon="-0.700719987476862">
    </trkpt>
    <trkpt lat="52.013329995782399" lon="-0.700689987476859">
    </trkpt>
    <trkpt lat="52.01329999578239" lon="-0.700609987476835">
    </trkpt>
    <trkpt lat="52.01328999578238" lon="-0.700559987476816">
    </trkpt>
    <trkpt lat="52.013289995782365" lon="-0.700519987476796">
    </trkpt>
    <trkpt lat="52.013289995782365" lon="-0.700439987476756">
    </trkpt>
    <trkpt lat="52.013289995782344" lon="-0.700419987476747">
    </trkpt>
    <trkpt lat="52.013279995782355" lon="-0.700389987476736">
    </trkpt>
    <trkpt lat="52.013269995782352" lon="-0.700349987476723">
    </trkpt>
    <trkpt lat="52.013249995782324" lon="-0.700319987476719">
    </trkpt>
    <trkpt lat="52.013209995782319" lon="-0.70029998747673">
    </trkpt>
    <trkpt lat="52.013169995782278" lon="-0.700279987476741">
    </trkpt>
    <trkpt lat="52.013129995782251" lon="-0.700239987476744">
    </trkpt>
    <trkpt lat="52.013089995782202" lon="-0.700199987476746">
    </trkpt>
    <trkpt lat="52.013069995782196" lon="-0.700159987476737">
    </trkpt>
    <trkpt lat="52.013039995782158" lon="-0.700119987476733">
    </trkpt>
    <trkpt lat="52.013029995782148" lon="-0.700099987476729">
    </trkpt>
    <trkpt lat="52.012999995782145" lon="-0.700059987476725">
    </trkpt>
    <trkpt lat="52.01295999578209" lon="-0.699999987476717">
    </trkpt>
    <trkpt lat="52.01295999578209" lon="-0.699979987476707">
    </trkpt>
    <trkpt lat="52.012959995782126" lon="-0.699919987476677">
    </trkpt>
    <trkpt lat="52.012959995782104" lon="-0.699859987476647">
    </trkpt>
    <trkpt lat="52.012949995782087" lon="-0.699819987476633">
    </trkpt>
    <trkpt lat="52.01294999578208" lon="-0.699799987476623">
    </trkpt>
    <trkpt lat="52.012939995782084" lon="-0.699779987476619">
    </trkpt>
    <trkpt lat="52.012929995782102" lon="-0.699769987476619">
    </trkpt>
    <trkpt lat="52.012919995782063" lon="-0.699759987476619">
    </trkpt>
    <trkpt lat="52.01289999578205" lon="-0.699749987476625">
    </trkpt>
    <trkpt lat="52.01285999578203" lon="-0.699709987476627">
    </trkpt>
    <trkpt lat="52.012789995781993" lon="-0.699589987476606">
    </trkpt>
    <trkpt lat="52.012699995781901" lon="-0.69943998747658">
    </trkpt>
    <trkpt lat="52.012679995781866" lon="-0.699409987476576">
    </trkpt>
    <trkpt lat="52.012669995781863" lon="-0.699409987476581">
    </trkpt>
    <trkpt lat="52.012659995781867" lon="-0.699429987476597">
    </trkpt>
    <trkpt lat="52.012649995781864" lon="-0.699499987476638">
    </trkpt>
    <trkpt lat="52.012599995781805" lon="-0.69958998747671">
    </trkpt>
    <trkpt lat="52.012599995781805" lon="-0.699679987476754">
    </trkpt>
    <trkpt lat="52.012579995781792" lon="-0.699839987476844">
    </trkpt>
    <trkpt lat="52.012549995781775" lon="-0.699989987476936">
    </trkpt>
    <trkpt lat="52.012519995781759" lon="-0.700149987477032">
    </trkpt>
    <trkpt lat="52.01242999578168" lon="-0.700549987477281">
    </trkpt>
    <trkpt lat="52.012389995781646" lon="-0.700699987477377">
    </trkpt>
    <trkpt lat="52.012339995781623" lon="-0.700819987477463">
    </trkpt>
    <trkpt lat="52.012289995781586" lon="-0.70089998747753">
    </trkpt>
    <trkpt lat="52.012229995781531" lon="-0.700949987477588">
    </trkpt>
    <trkpt lat="52.012159995781474" lon="-0.700969987477636">
    </trkpt>
    <trkpt lat="52.012109995781429" lon="-0.700979987477669">
    </trkpt>
    <trkpt lat="52.012059995781385" lon="-0.700959987477686">
    </trkpt>
    <trkpt lat="52.011999995781331" lon="-0.700909987477695">
    </trkpt>
    <trkpt lat="52.011969995781321" lon="-0.700889987477701">
    </trkpt>
    <trkpt lat="52.011939995781304" lon="-0.700889987477717">
    </trkpt>
    <trkpt lat="52.011899995781242" lon="-0.700899987477744">
    </trkpt>
    <trkpt lat="52.011869995781261" lon="-0.70093998747778">
    </trkpt>
    <trkpt lat="52.011849995781226" lon="-0.700969987477805">
    </trkpt>
    <trkpt lat="52.011789995781172" lon="-0.701079987477894">
    </trkpt>
    <trkpt lat="52.011749995781166" lon="-0.701159987477955">
    </trkpt>
    <trkpt lat="52.011709995781111" lon="-0.701259987478026">
    </trkpt>
    <trkpt lat="52.011709995781132" lon="-0.701349987478071">
    </trkpt>
    <trkpt lat="52.011709995781111" lon="-0.701569987478181">
    </trkpt>
    <trkpt lat="52.011739995781156" lon="-0.701719987478239">
    </trkpt>
    <trkpt lat="52.011749995781166" lon="-0.701849987478299">
    </trkpt>
    <trkpt lat="52.011749995781159" lon="-0.702019987478383">
    </trkpt>
    <trkpt lat="52.011739995781149" lon="-0.702109987478433">
    </trkpt>
    <trkpt lat="52.011699995781143" lon="-0.70227998747854">
    </trkpt>
    <trkpt lat="52.011679995781094" lon="-0.70235998747859">
    </trkpt>
    <trkpt lat="52.011669995781084" lon="-0.702399987478615">
    </trkpt>
    <trkpt lat="52.011659995781081" lon="-0.702429987478636">
    </trkpt>
    <trkpt lat="52.011619995781075" lon="-0.702539987478713">
    </trkpt>
    <trkpt lat="52.011569995781031" lon="-0.70261998747878">
    </trkpt>
    <trkpt lat="52.011539995780993" lon="-0.702719987478846">
    </trkpt>
    <trkpt lat="52.011509995780969" lon="-0.702809987478907">
    </trkpt>
    <trkpt lat="52.011489995780963" lon="-0.702929987478978">
    </trkpt>
    <trkpt lat="52.011489995780956" lon="-0.703029987479028">
    </trkpt>
    <trkpt lat="52.011479995780938" lon="-0.703139987479088">
    </trkpt>
    <trkpt lat="52.011469995780935" lon="-0.703249987479148">
    </trkpt>
    <trkpt lat="52.011449995780929" lon="-0.703379987479224">
    </trkpt>
    <trkpt lat="52.011419995780905" lon="-0.70351998747931">
    </trkpt>
    <trkpt lat="52.011409995780888" lon="-0.70356998747934">
    </trkpt>
    <trkpt lat="52.011399995780891" lon="-0.703649987479385">
    </trkpt>
    <trkpt lat="52.011369995780868" lon="-0.703819987479486">
    </trkpt>
    <trkpt lat="52.011319995780823" lon="-0.704009987479608">
    </trkpt>
    <trkpt lat="52.011279995780797" lon="-0.70412998747969">
    </trkpt>
    <trkpt lat="52.011229995780752" lon="-0.704229987479768">
    </trkpt>
    <trkpt lat="52.011189995780732" lon="-0.704339987479844">
    </trkpt>
    <trkpt lat="52.011139995780688" lon="-0.704429987479916">
    </trkpt>
    <trkpt lat="52.011119995780668" lon="-0.704479987479952">
    </trkpt>
    <trkpt lat="52.01110999578065" lon="-0.704489987479962">
    </trkpt>
    <trkpt lat="52.011099995780654" lon="-0.704519987479982">
    </trkpt>
    <trkpt lat="52.011099995780647" lon="-0.704599987480022">
    </trkpt>
    <trkpt lat="52.011079995780641" lon="-0.704689987480078">
    </trkpt>
    <trkpt lat="52.011069995780616" lon="-0.704769987480124">
    </trkpt>
    <trkpt lat="52.011019995780593" lon="-0.70488998748021">
    </trkpt>
    <trkpt lat="52.010999995780594" lon="-0.704949987480251">
    </trkpt>
    <trkpt lat="52.010969995780549" lon="-0.704999987480293">
    </trkpt>
    <trkpt lat="52.010939995780546" lon="-0.705019987480318">
    </trkpt>
    <trkpt lat="52.010919995780498" lon="-0.70501998748033">
    </trkpt>
    <trkpt lat="52.010899995780491" lon="-0.705029987480346">
    </trkpt>
    <trkpt lat="52.010819995780423" lon="-0.705029987480389">
    </trkpt>
    <trkpt lat="52.010779995780396" lon="-0.705009987480401">
    </trkpt>
    <trkpt lat="52.010619995780296" lon="-0.704949987480458">
    </trkpt>
    <trkpt lat="52.010519995780186" lon="-0.704929987480504">
    </trkpt>
    <trkpt lat="52.01050999578019" lon="-0.704929987480509">
    </trkpt>
    <trkpt lat="52.010459995780145" lon="-0.704919987480531">
    </trkpt>
    <trkpt lat="52.010419995780133" lon="-0.704919987480552">
    </trkpt>
    <trkpt lat="52.010389995780095" lon="-0.704909987480564">
    </trkpt>
    <trkpt lat="52.010359995780064" lon="-0.704879987480566">
    </trkpt>
    <trkpt lat="52.010339995780051" lon="-0.704839987480556">
    </trkpt>
    <trkpt lat="52.010339995780029" lon="-0.704789987480532">
    </trkpt>
    <trkpt lat="52.010339995780058" lon="-0.704729987480502">
    </trkpt>
    <trkpt lat="52.010339995780043" lon="-0.704679987480477">
    </trkpt>
    <trkpt lat="52.010349995780061" lon="-0.704629987480446">
    </trkpt>
    <trkpt lat="52.010359995780057" lon="-0.704589987480421">
    </trkpt>
    <trkpt lat="52.010369995780081" lon="-0.704569987480405">
    </trkpt>
    <trkpt lat="52.010389995780095" lon="-0.70449998748036">
    </trkpt>
    <trkpt lat="52.010419995780119" lon="-0.704409987480298">
    </trkpt>
    <trkpt lat="52.010439995780139" lon="-0.704359987480263">
    </trkpt>
    <trkpt lat="52.010469995780142" lon="-0.704299987480217">
    </trkpt>
    <trkpt lat="52.010499995780179" lon="-0.70425998748018">
    </trkpt>
    <trkpt lat="52.010539995780221" lon="-0.704189987480123">
    </trkpt>
    <trkpt lat="52.010569995780237" lon="-0.704099987480063">
    </trkpt>
    <trkpt lat="52.010589995780236" lon="-0.704029987480017">
    </trkpt>
    <trkpt lat="52.010599995780225" lon="-0.703959987479976">
    </trkpt>
    <trkpt lat="52.010619995780289" lon="-0.703839987479906">
    </trkpt>
    <trkpt lat="52.010629995780256" lon="-0.70367998747982">
    </trkpt>
    <trkpt lat="52.010649995780291" lon="-0.703539987479739">
    </trkpt>
    <trkpt lat="52.010649995780305" lon="-0.703409987479675">
    </trkpt>
    <trkpt lat="52.010649995780291" lon="-0.703319987479631">
    </trkpt>
    <trkpt lat="52.010639995780274" lon="-0.703249987479601">
    </trkpt>
    <trkpt lat="52.010629995780263" lon="-0.703129987479547">
    </trkpt>
    <trkpt lat="52.010619995780267" lon="-0.703089987479531">
    </trkpt>
    <trkpt lat="52.010589995780229" lon="-0.703069987479538">
    </trkpt>
    <trkpt lat="52.01056999578023" lon="-0.70306998747955">
    </trkpt>
    <trkpt lat="52.010389995780066" lon="-0.703129987479678">
    </trkpt>
    <trkpt lat="52.010249995779972" lon="-0.703159987479769">
    </trkpt>
    <trkpt lat="52.010169995779904" lon="-0.703169987479817">
    </trkpt>
    <trkpt lat="52.010089995779829" lon="-0.703179987479866">
    </trkpt>
    <trkpt lat="52.01005999577982" lon="-0.703159987479872">
    </trkpt>
    <trkpt lat="52.010009995779782" lon="-0.703109987479875">
    </trkpt>
    <trkpt lat="52.009979995779744" lon="-0.703029987479851">
    </trkpt>
    <trkpt lat="52.009959995779745" lon="-0.702969987479833">
    </trkpt>
    <trkpt lat="52.009949995779735" lon="-0.702889987479799">
    </trkpt>
    <trkpt lat="52.009939995779732" lon="-0.702759987479739">
    </trkpt>
    <trkpt lat="52.009939995779732" lon="-0.702699987479709">
    </trkpt>
    <trkpt lat="52.009929995779721" lon="-0.702639987479685">
    </trkpt>
    <trkpt lat="52.00991999577969" lon="-0.702539987479641">
    </trkpt>
    <trkpt lat="52.009919995779704" lon="-0.702499987479621">
    </trkpt>
    <trkpt lat="52.00990999577968" lon="-0.702439987479596">
    </trkpt>
    <trkpt lat="52.009889995779695" lon="-0.702399987479587">
    </trkpt>
    <trkpt lat="52.009879995779691" lon="-0.702349987479568">
    </trkpt>
    <trkpt lat="52.009789995779585" lon="-0.702159987479522">
    </trkpt>
    <trkpt lat="52.009669995779497" lon="-0.702009987479513">
    </trkpt>
    <trkpt lat="52.009549995779402" lon="-0.701949987479549">
    </trkpt>
    <trkpt lat="52.009479995779351" lon="-0.701939987479582">
    </trkpt>
    <trkpt lat="52.009379995779263" lon="-0.701929987479631">
    </trkpt>
    <trkpt lat="52.009269995779171" lon="-0.701939987479696">
    </trkpt>
    <trkpt lat="52.009199995779134" lon="-0.701919987479724">
    </trkpt>
    <trkpt lat="52.00918999577911" lon="-0.701909987479726">
    </trkpt>
    <trkpt lat="52.009069995779015" lon="-0.701779987479726">
    </trkpt>
    <trkpt lat="52.008599995778638" lon="-0.701789987479987">
    </trkpt>
    <trkpt lat="52.008559995778626" lon="-0.701769987479999">
    </trkpt>
    <trkpt lat="52.008539995778591" lon="-0.70170998747998">
    </trkpt>
    <trkpt lat="52.008499995778564" lon="-0.701569987479933">
    </trkpt>
    <trkpt lat="52.008449995778527" lon="-0.70150998747993">
    </trkpt>
    <trkpt lat="52.008399995778497" lon="-0.701489987479948">
    </trkpt>
    <trkpt lat="52.008329995778432" lon="-0.701469987479975">
    </trkpt>
    <trkpt lat="52.008339995778428" lon="-0.70146998747997">
    </trkpt>
    <trkpt lat="52.008339995778435" lon="-0.701459987479965">
    </trkpt>
    <trkpt lat="52.008339995778428" lon="-0.70140998747994">
    </trkpt>
    <trkpt lat="52.008339995778428" lon="-0.701309987479891">
    </trkpt>
    <trkpt lat="52.008339995778421" lon="-0.701209987479841">
    </trkpt>
    <trkpt lat="52.008309995778404" lon="-0.701039987479773">
    </trkpt>
    <trkpt lat="52.008259995778396" lon="-0.700869987479715">
    </trkpt>
    <trkpt lat="52.008219995778333" lon="-0.700769987479688">
    </trkpt>
    <trkpt lat="52.00816999577831" lon="-0.70065998747966">
    </trkpt>
    <trkpt lat="52.008099995778245" lon="-0.700549987479644">
    </trkpt>
    <trkpt lat="52.007979995778143" lon="-0.700439987479654">
    </trkpt>
    <trkpt lat="52.007889995778079" lon="-0.700379987479672">
    </trkpt>
    <trkpt lat="52.007769995777977" lon="-0.700329987479714">
    </trkpt>
    <trkpt lat="52.007699995777926" lon="-0.700319987479747">
    </trkpt>
    <trkpt lat="52.007629995777876" lon="-0.70030998747978">
    </trkpt>
    <trkpt lat="52.007529995777773" lon="-0.700329987479845">
    </trkpt>
    <trkpt lat="52.007429995777699" lon="-0.700379987479924">
    </trkpt>
    <trkpt lat="52.007279995777594" lon="-0.700489987480061">
    </trkpt>
    <trkpt lat="52.007169995777517" lon="-0.7006499874802">
    </trkpt>
    <trkpt lat="52.007109995777455" lon="-0.700809987480313">
    </trkpt>
    <trkpt lat="52.007059995777432" lon="-0.7009299874804">
    </trkpt>
    <trkpt lat="52.007019995777391" lon="-0.701069987480492">
    </trkpt>
    <trkpt lat="52.00699999577737" lon="-0.701219987480576">
    </trkpt>
    <trkpt lat="52.006989995777367" lon="-0.701379987480662">
    </trkpt>
    <trkpt lat="52.00699999577737" lon="-0.701559987480746">
    </trkpt>
    <trkpt lat="52.007029995777408" lon="-0.701739987480819">
    </trkpt>
    <trkpt lat="52.007069995777428" lon="-0.701929987480892">
    </trkpt>
    <trkpt lat="52.007119995777472" lon="-0.70203998748092">
    </trkpt>
    <trkpt lat="52.007009995777381" lon="-0.702249987481084">
    </trkpt>
    <trkpt lat="52.007009995777395" lon="-0.702239987481079">
    </trkpt>
    <trkpt lat="52.006959995777351" lon="-0.702149987481062">
    </trkpt>
    <trkpt lat="52.00687999577729" lon="-0.702049987481056">
    </trkpt>
    <trkpt lat="52.006819995777249" lon="-0.701999987481063">
    </trkpt>
    <trkpt lat="52.006739995777167" lon="-0.701949987481082">
    </trkpt>
    <trkpt lat="52.006639995777093" lon="-0.701929987481127">
    </trkpt>
    <trkpt lat="52.006599995777059" lon="-0.701929987481149">
    </trkpt>
    <trkpt lat="52.006529995777001" lon="-0.701949987481197">
    </trkpt>
    <trkpt lat="52.006459995776943" lon="-0.70199998748126">
    </trkpt>
    <trkpt lat="52.006419995776923" lon="-0.702019987481291">
    </trkpt>
    <trkpt lat="52.006359995776883" lon="-0.702099987481364">
    </trkpt>
    <trkpt lat="52.006289995776818" lon="-0.702209987481457">
    </trkpt>
    <trkpt lat="52.00621999577676" lon="-0.70237998748158">
    </trkpt>
    <trkpt lat="52.006189995776737" lon="-0.702509987481661">
    </trkpt>
    <trkpt lat="52.006189995776737" lon="-0.702519987481666">
    </trkpt>
    <trkpt lat="52.006179995776733" lon="-0.702569987481696">
    </trkpt>
    <trkpt lat="52.0061199957767" lon="-0.702559987481724">
    </trkpt>
    <trkpt lat="52.006039995776611" lon="-0.702589987481783">
    </trkpt>
    <trkpt lat="52.006009995776587" lon="-0.702589987481799">
    </trkpt>
    <trkpt lat="52.005819995776442" lon="-0.702579987481898">
    </trkpt>
    <trkpt lat="52.005659995776313" lon="-0.702559987481976">
    </trkpt>
    <trkpt lat="52.005479995776163" lon="-0.702549987482068">
    </trkpt>
    <trkpt lat="52.005469995776167" lon="-0.702779987482189">
    </trkpt>
    <trkpt lat="52.005459995776178" lon="-0.702949987482278">
    </trkpt>
    <trkpt lat="52.005449995776161" lon="-0.702979987482298">
    </trkpt>
    <trkpt lat="52.00543999577615" lon="-0.702989987482309">
    </trkpt>
    <trkpt lat="52.005429995776133" lon="-0.70299998748232">
    </trkpt>
    <trkpt lat="52.005399995776123" lon="-0.703009987482341">
    </trkpt>
    <trkpt lat="52.005359995776075" lon="-0.703009987482363">
    </trkpt>
    <trkpt lat="52.005349995776079" lon="-0.703009987482369">
    </trkpt>
    <trkpt lat="52.005319995776034" lon="-0.70299998748238">
    </trkpt>
    <trkpt lat="52.00525999577598" lon="-0.702989987482408">
    </trkpt>
    <trkpt lat="52.00518999577595" lon="-0.702969987482437">
    </trkpt>
    <trkpt lat="52.005109995775889" lon="-0.70290998748245">
    </trkpt>
    <trkpt lat="52.005039995775817" lon="-0.702869987482469">
    </trkpt>
    <trkpt lat="52.004989995775794" lon="-0.70283998748248">
    </trkpt>
    <trkpt lat="52.004919995775737" lon="-0.702829987482514">
    </trkpt>
    <trkpt lat="52.004859995775689" lon="-0.702829987482546">
    </trkpt>
    <trkpt lat="52.004799995775635" lon="-0.702839987482584">
    </trkpt>
    <trkpt lat="52.004749995775583" lon="-0.702869987482626">
    </trkpt>
    <trkpt lat="52.00468999577555" lon="-0.702899987482674">
    </trkpt>
    <trkpt lat="52.004599995775472" lon="-0.702959987482753">
    </trkpt>
    <trkpt lat="52.004529995775421" lon="-0.702959987482791">
    </trkpt>
    <trkpt lat="52.004419995775343" lon="-0.702969987482856">
    </trkpt>
    <trkpt lat="52.004259995775207" lon="-0.702949987482933">
    </trkpt>
    <trkpt lat="52.004179995775139" lon="-0.702959987482982">
    </trkpt>
    <trkpt lat="52.004129995775109" lon="-0.702969987483015">
    </trkpt>
    <trkpt lat="52.004099995775078" lon="-0.702999987483045">
    </trkpt>
    <trkpt lat="52.004019995775003" lon="-0.703049987483114">
    </trkpt>
    <trkpt lat="52.003919995774936" lon="-0.703159987483224">
    </trkpt>
    <trkpt lat="52.003769995774839" lon="-0.703259987483355">
    </trkpt>
    <trkpt lat="52.003729995774798" lon="-0.703279987483387">
    </trkpt>
    <trkpt lat="52.003499995774604" lon="-0.703369987483557">
    </trkpt>
    <trkpt lat="52.003319995774476" lon="-0.703409987483675">
    </trkpt>
    <trkpt lat="52.003199995774366" lon="-0.703429987483751">
    </trkpt>
    <trkpt lat="52.003079995774293" lon="-0.703439987483821">
    </trkpt>
    <trkpt lat="52.002849995774092" lon="-0.703409987483932">
    </trkpt>
    <trkpt lat="52.00274999577401" lon="-0.703409987483986">
    </trkpt>
    <trkpt lat="52.002679995773946" lon="-0.70341998748403">
    </trkpt>
    <trkpt lat="52.002659995773953" lon="-0.703419987484041">
    </trkpt>
    <trkpt lat="52.002569995773882" lon="-0.703429987484094">
    </trkpt>
    <trkpt lat="52.002499995773803" lon="-0.703469987484152">
    </trkpt>
    <trkpt lat="52.002439995773791" lon="-0.703519987484211">
    </trkpt>
    <trkpt lat="52.002389995773726" lon="-0.703579987484268">
    </trkpt>
    <trkpt lat="52.002349995773692" lon="-0.703659987484329">
    </trkpt>
    <trkpt lat="52.002319995773661" lon="-0.703759987484396">
    </trkpt>
    <trkpt lat="52.002259995773635" lon="-0.703999987484548">
    </trkpt>
    <trkpt lat="52.002219995773594" lon="-0.704229987484684">
    </trkpt>
    <trkpt lat="52.002089995773495" lon="-0.704929987485103">
    </trkpt>
    <trkpt lat="52.002069995773475" lon="-0.705109987485204">
    </trkpt>
    <trkpt lat="52.002049995773454" lon="-0.705229987485275">
    </trkpt>
    <trkpt lat="52.002019995773445" lon="-0.70532998748534">
    </trkpt>
    <trkpt lat="52.001969995773393" lon="-0.705509987485458">
    </trkpt>
    <trkpt lat="52.00195999577339" lon="-0.705549987485483">
    </trkpt>
    <trkpt lat="52.001919995773363" lon="-0.705669987485564">
    </trkpt>
    <trkpt lat="52.001869995773312" lon="-0.705849987485681">
    </trkpt>
    <trkpt lat="52.001839995773302" lon="-0.706009987485778">
    </trkpt>
    <trkpt lat="52.001829995773299" lon="-0.706189987485872">
    </trkpt>
    <trkpt lat="52.00179999577329" lon="-0.706379987485983">
    </trkpt>
    <trkpt lat="52.001779995773262" lon="-0.706629987486118">
    </trkpt>
    <trkpt lat="52.001779995773269" lon="-0.706699987486153">
    </trkpt>
    <trkpt lat="52.001789995773272" lon="-0.706769987486183">
    </trkpt>
    <trkpt lat="52.001879995773351" lon="-0.707089987486293">
    </trkpt>
    <trkpt lat="52.002099995773527" lon="-0.707939987486597">
    </trkpt>
    <trkpt lat="52.002119995773548" lon="-0.707999987486615">
    </trkpt>
    <trkpt lat="52.002169995773585" lon="-0.708049987486613">
    </trkpt>
    <trkpt lat="52.002209995773633" lon="-0.708099987486615">
    </trkpt>
    <trkpt lat="52.002259995773649" lon="-0.708129987486604">
    </trkpt>
    <trkpt lat="52.0023099957737" lon="-0.708159987486592">
    </trkpt>
    <trkpt lat="52.00233999577371" lon="-0.70816998748658">
    </trkpt>
    <trkpt lat="52.00235999577373" lon="-0.708179987486574">
    </trkpt>
    <trkpt lat="52.002399995773764" lon="-0.708179987486552">
    </trkpt>
    <trkpt lat="52.002429995773802" lon="-0.70816998748653">
    </trkpt>
    <trkpt lat="52.002769995774052" lon="-0.708109987486315">
    </trkpt>
    <trkpt lat="52.002899995774172" lon="-0.70807998748623">
    </trkpt>
    <trkpt lat="52.002969995774208" lon="-0.708079987486192">
    </trkpt>
    <trkpt lat="52.003019995774288" lon="-0.708079987486164">
    </trkpt>
    <trkpt lat="52.003059995774272" lon="-0.708089987486147">
    </trkpt>
    <trkpt lat="52.003099995774321" lon="-0.708109987486135">
    </trkpt>
    <trkpt lat="52.003109995774324" lon="-0.708119987486135">
    </trkpt>
    <trkpt lat="52.003119995774348" lon="-0.708139987486139">
    </trkpt>
    <trkpt lat="52.003119995774355" lon="-0.708179987486159">
    </trkpt>
    <trkpt lat="52.003119995774334" lon="-0.708219987486179">
    </trkpt>
    <trkpt lat="52.003109995774331" lon="-0.708789987486469">
    </trkpt>
    <trkpt lat="52.003109995774324" lon="-0.708849987486498">
    </trkpt>
    <trkpt lat="52.003119995774355" lon="-0.708929987486533">
    </trkpt>
    <trkpt lat="52.003129995774344" lon="-0.708959987486543">
    </trkpt>
    <trkpt lat="52.003159995774368" lon="-0.708989987486541">
    </trkpt>
    <trkpt lat="52.003189995774378" lon="-0.709019987486539">
    </trkpt>
    <trkpt lat="52.003269995774467" lon="-0.709119987486546">
    </trkpt>
    <trkpt lat="52.003289995774466" lon="-0.709139987486544">
    </trkpt>
    <trkpt lat="52.0033299957745" lon="-0.709179987486543">
    </trkpt>
    <trkpt lat="52.003379995774573" lon="-0.70920998748653">
    </trkpt>
    <trkpt lat="52.00353999577468" lon="-0.709279987486478">
    </trkpt>
    <trkpt lat="52.003639995774769" lon="-0.709309987486438">
    </trkpt>
    <trkpt lat="52.003749995774839" lon="-0.709329987486387">
    </trkpt>
    <trkpt lat="52.003829995774929" lon="-0.709329987486345">
    </trkpt>
    <trkpt lat="52.003889995774969" lon="-0.709319987486306">
    </trkpt>
    <trkpt lat="52.003949995775024" lon="-0.709309987486269">
    </trkpt>
    <trkpt lat="52.003999995775033" lon="-0.709259987486217">
    </trkpt>
    <trkpt lat="52.004079995775101" lon="-0.709169987486129">
    </trkpt>
    <trkpt lat="52.004129995775145" lon="-0.709139987486087">
    </trkpt>
    <trkpt lat="52.004169995775165" lon="-0.709139987486064">
    </trkpt>
    <trkpt lat="52.004229995775226" lon="-0.709139987486032">
    </trkpt>
    <trkpt lat="52.00431999577529" lon="-0.709149987485988">
    </trkpt>
    <trkpt lat="52.004559995775473" lon="-0.709179987485872">
    </trkpt>
    <trkpt lat="52.004689995775593" lon="-0.70921998748582">
    </trkpt>
    <trkpt lat="52.004809995775695" lon="-0.709279987485785">
    </trkpt>
    <trkpt lat="52.004909995775769" lon="-0.709339987485761">
    </trkpt>
    <trkpt lat="52.00497999577582" lon="-0.709369987485737">
    </trkpt>
    <trkpt lat="52.005059995775888" lon="-0.709409987485713">
    </trkpt>
    <trkpt lat="52.005159995775976" lon="-0.709419987485664">
    </trkpt>
    <trkpt lat="52.005219995776002" lon="-0.709419987485631">
    </trkpt>
    <trkpt lat="52.005279995776057" lon="-0.709419987485598">
    </trkpt>
    <trkpt lat="52.005369995776142" lon="-0.709399987485539">
    </trkpt>
    <trkpt lat="52.005459995776206" lon="-0.709369987485476">
    </trkpt>
    <trkpt lat="52.005539995776289" lon="-0.709329987485411">
    </trkpt>
    <trkpt lat="52.005589995776305" lon="-0.709309987485374">
    </trkpt>
    <trkpt lat="52.005659995776384" lon="-0.709319987485342">
    </trkpt>
    <trkpt lat="52.005709995776407" lon="-0.709339987485323">
    </trkpt>
    <trkpt lat="52.00597999577662" lon="-0.709349987485182">
    </trkpt>
    <trkpt lat="52.006259995776837" lon="-0.709319987485014">
    </trkpt>
    <trkpt lat="52.006379995776932" lon="-0.709289987484933">
    </trkpt>
    <trkpt lat="52.006469995776996" lon="-0.70925998748487">
    </trkpt>
    <trkpt lat="52.006589995777098" lon="-0.709199987484774">
    </trkpt>
    <trkpt lat="52.006839995777284" lon="-0.709089987484582">
    </trkpt>
    <trkpt lat="52.007029995777458" lon="-0.709019987484445">
    </trkpt>
    <trkpt lat="52.007129995777525" lon="-0.708999987484379">
    </trkpt>
    <trkpt lat="52.007219995777589" lon="-0.70897998748432">
    </trkpt>
    <trkpt lat="52.007269995777634" lon="-0.708969987484288">
    </trkpt>
    <trkpt lat="52.007319995777692" lon="-0.708969987484261">
    </trkpt>
    <trkpt lat="52.007359995777712" lon="-0.708979987484245">
    </trkpt>
    <trkpt lat="52.007389995777736" lon="-0.708989987484232">
    </trkpt>
    <trkpt lat="52.007459995777808" lon="-0.709019987484209">
    </trkpt>
    <trkpt lat="52.007509995777838" lon="-0.709039987484192">
    </trkpt>
    <trkpt lat="52.007539995777847" lon="-0.709049987484181">
    </trkpt>
    <trkpt lat="52.007569995777878" lon="-0.70905998748417">
    </trkpt>
    <trkpt lat="52.007609995777912" lon="-0.709059987484148">
    </trkpt>
    <trkpt lat="52.007659995777949" lon="-0.709059987484121">
    </trkpt>
    <trkpt lat="52.007809995778061" lon="-0.709039987484028">
    </trkpt>
    <trkpt lat="52.007929995778177" lon="-0.709019987483953">
    </trkpt>
    <trkpt lat="52.007939995778159" lon="-0.709009987483943">
    </trkpt>
    <trkpt lat="52.008379995778526" lon="-0.708919987483658">
    </trkpt>
    <trkpt lat="52.008379995778526" lon="-0.708899987483648">
    </trkpt>
    <trkpt lat="52.008419995778553" lon="-0.708879987483616">
    </trkpt>
    <trkpt lat="52.008499995778614" lon="-0.708879987483573">
    </trkpt>
    <trkpt lat="52.008639995778729" lon="-0.708999987483556">
    </trkpt>
    <trkpt lat="52.008729995778779" lon="-0.709089987483552">
    </trkpt>
    <trkpt lat="52.008729995778793" lon="-0.709099987483556">
    </trkpt>
    <trkpt lat="52.008829995778882" lon="-0.709209987483557">
    </trkpt>
    <trkpt lat="52.008839995778885" lon="-0.709219987483557">
    </trkpt>
    <trkpt lat="52.008869995778909" lon="-0.709249987483555">
    </trkpt>
    <trkpt lat="52.00891999577896" lon="-0.709359987483582">
    </trkpt>
    <trkpt lat="52.008969995779012" lon="-0.7094499874836">
    </trkpt>
    <trkpt lat="52.008979995779022" lon="-0.709549987483644">
    </trkpt>
    <trkpt lat="52.008989995779004" lon="-0.709639987483684">
    </trkpt>
    <trkpt lat="52.008979995779015" lon="-0.709729987483735">
    </trkpt>
    <trkpt lat="52.008969995779012" lon="-0.70986998748381">
    </trkpt>
    <trkpt lat="52.008979995779015" lon="-0.709889987483814">
    </trkpt>
    <trkpt lat="52.009249995779221" lon="-0.710069987483757">
    </trkpt>
    <trkpt lat="52.00944999577937" lon="-0.710089987483657">
    </trkpt>
    <trkpt lat="52.009699995779592" lon="-0.710119987483536">
    </trkpt>
    <trkpt lat="52.009799995779673" lon="-0.710189987483517">
    </trkpt>
    <trkpt lat="52.010009995779832" lon="-0.710399987483507">
    </trkpt>
    <trkpt lat="52.010519995780228" lon="-0.711009987483532">
    </trkpt>
    <trkpt lat="52.0108599957805" lon="-0.71147998748358">
    </trkpt>
    <trkpt lat="52.011099995780704" lon="-0.71169998748356">
    </trkpt>
    <trkpt lat="52.011109995780721" lon="-0.711699987483554">
    </trkpt>
    <trkpt lat="52.011229995780802" lon="-0.711749987483513">
    </trkpt>
    <trkpt lat="52.011339995780887" lon="-0.711739987483449">
    </trkpt>
    <trkpt lat="52.011599995781111" lon="-0.711529987483202">
    </trkpt>
    <trkpt lat="52.011749995781216" lon="-0.711369987483041">
    </trkpt>
    <trkpt lat="52.011889995781331" lon="-0.711289987482925">
    </trkpt>
    <trkpt lat="52.011949995781372" lon="-0.711279987482887">
    </trkpt>
    <trkpt lat="52.012009995781426" lon="-0.711259987482845">
    </trkpt>
    <trkpt lat="52.012169995781548" lon="-0.711269987482762">
    </trkpt>
    <trkpt lat="52.012329995781677" lon="-0.711289987482684">
    </trkpt>
    <trkpt lat="52.012549995781853" lon="-0.711289987482565">
    </trkpt>
    <trkpt lat="52.012869995782118" lon="-0.711259987482375">
    </trkpt>
    <trkpt lat="52.01288999578211" lon="-0.71140998748244">
    </trkpt>
    <trkpt lat="52.012919995782156" lon="-0.711979987482708">
    </trkpt>
    <trkpt lat="52.012879995782136" lon="-0.712319987482898">
    </trkpt>
    <trkpt lat="52.012849995782133" lon="-0.712779987483144">
    </trkpt>
    <trkpt lat="52.012839995782109" lon="-0.712969987483244">
    </trkpt>
    <trkpt lat="52.012849995782112" lon="-0.713279987483392">
    </trkpt>
    <trkpt lat="52.012849995782105" lon="-0.713529987483519">
    </trkpt>
    <trkpt lat="52.012849995782098" lon="-0.713779987483643">
    </trkpt>
    <trkpt lat="52.012839995782095" lon="-0.713939987483728">
    </trkpt>
    <trkpt lat="52.012829995782106" lon="-0.714029987483779">
    </trkpt>
    <trkpt lat="52.012819995782081" lon="-0.714139987483839">
    </trkpt>
    <trkpt lat="52.012799995782082" lon="-0.714369987483964">
    </trkpt>
    <trkpt lat="52.012749995782031" lon="-0.714579987484096">
    </trkpt>
    <trkpt lat="52.012699995781986" lon="-0.714769987484218">
    </trkpt>
    <trkpt lat="52.01263999578196" lon="-0.714849987484292">
    </trkpt>
    <trkpt lat="52.012589995781916" lon="-0.715019987484403">
    </trkpt>
    <trkpt lat="52.012569995781902" lon="-0.715129987484469">
    </trkpt>
    <trkpt lat="52.012569995781895" lon="-0.715139987484474">
    </trkpt>
    <trkpt lat="52.012559995781899" lon="-0.715289987484555">
    </trkpt>
    <trkpt lat="52.012559995781906" lon="-0.715359987484589">
    </trkpt>
    <trkpt lat="52.012569995781881" lon="-0.715459987484633">
    </trkpt>
    <trkpt lat="52.012669995781984" lon="-0.715469987484584">
    </trkpt>
    <trkpt lat="52.012789995782072" lon="-0.715479987484523">
    </trkpt>
    <trkpt lat="52.012889995782139" lon="-0.715509987484484">
    </trkpt>
    <trkpt lat="52.013019995782251" lon="-0.715549987484432">
    </trkpt>
    <trkpt lat="52.013129995782357" lon="-0.715589987484393">
    </trkpt>
    <trkpt lat="52.013329995782513" lon="-0.715679987484328">
    </trkpt>
    <trkpt lat="52.013429995782595" lon="-0.715739987484305">
    </trkpt>
    <trkpt lat="52.013699995782794" lon="-0.715889987484231">
    </trkpt>
    <trkpt lat="52.013999995783038" lon="-0.716079987484163">
    </trkpt>
    <trkpt lat="52.014219995783222" lon="-0.716229987484119">
    </trkpt>
    <trkpt lat="52.014349995783334" lon="-0.716329987484097">
    </trkpt>
    <trkpt lat="52.014569995783489" lon="-0.716519987484072">
    </trkpt>
    <trkpt lat="52.014699995783587" lon="-0.716639987484061">
    </trkpt>
    <trkpt lat="52.014929995783781" lon="-0.716829987484031">
    </trkpt>
    <trkpt lat="52.01514999578395" lon="-0.717019987484005">
    </trkpt>
    <trkpt lat="52.015489995784222" lon="-0.71725998748394">
    </trkpt>
    <trkpt lat="52.015689995784406" lon="-0.717389987483895">
    </trkpt>
    <trkpt lat="52.015789995784473" lon="-0.717459987483876">
    </trkpt>
    <trkpt lat="52.015869995784541" lon="-0.717489987483848">
    </trkpt>
    <trkpt lat="52.015929995784589" lon="-0.717489987483814">
    </trkpt>
    <trkpt lat="52.015989995784643" lon="-0.717459987483767">
    </trkpt>
    <trkpt lat="52.016019995784646" lon="-0.717419987483731">
    </trkpt>
    <trkpt lat="52.016049995784691" lon="-0.717359987483685">
    </trkpt>
    <trkpt lat="52.016229995784812" lon="-0.716799987483306">
    </trkpt>
    <trkpt lat="52.016249995784833" lon="-0.716719987483256">
    </trkpt>
    <trkpt lat="52.016359995784931" lon="-0.716429987483051">
    </trkpt>
    <trkpt lat="52.016369995784935" lon="-0.716399987483031">
    </trkpt>
    <trkpt lat="52.016439995784978" lon="-0.716179987482883">
    </trkpt>
    <trkpt lat="52.016729995785212" lon="-0.715289987482281">
    </trkpt>
    <trkpt lat="52.016819995785276" lon="-0.715039987482107">
    </trkpt>
    <trkpt lat="52.016859995785317" lon="-0.714869987482001">
    </trkpt>
    <trkpt lat="52.017009995785422" lon="-0.714849987481909">
    </trkpt>
    <trkpt lat="52.017269995785639" lon="-0.714839987481761">
    </trkpt>
    <trkpt lat="52.017309995785673" lon="-0.71485998748175">
    </trkpt>
    <trkpt lat="52.017329995785701" lon="-0.714869987481745">
    </trkpt>
    <trkpt lat="52.017409995785741" lon="-0.714919987481726">
    </trkpt>
    <trkpt lat="52.017479995785806" lon="-0.714979987481718">
    </trkpt>
    <trkpt lat="52.017539995785839" lon="-0.71504998748172">
    </trkpt>
    <trkpt lat="52.017589995785883" lon="-0.715129987481733">
    </trkpt>
    <trkpt lat="52.017649995785938" lon="-0.715239987481755">
    </trkpt>
    <trkpt lat="52.017709995785985" lon="-0.715359987481782">
    </trkpt>
    <trkpt lat="52.017739995786016" lon="-0.715469987481821">
    </trkpt>
    <trkpt lat="52.017759995786029" lon="-0.715599987481875">
    </trkpt>
    <trkpt lat="52.017799995786071" lon="-0.715849987481977">
    </trkpt>
    <trkpt lat="52.017809995786081" lon="-0.715919987482007">
    </trkpt>
    <trkpt lat="52.017949995786196" lon="-0.716629987482285">
    </trkpt>
    <trkpt lat="52.017959995786192" lon="-0.7166699874823">
    </trkpt>
    <trkpt lat="52.018019995786247" lon="-0.716939987482401">
    </trkpt>
    <trkpt lat="52.018059995786281" lon="-0.71701998748242">
    </trkpt>
    <trkpt lat="52.018109995786318" lon="-0.717089987482427">
    </trkpt>
    <trkpt lat="52.018149995786338" lon="-0.717129987482425">
    </trkpt>
    <trkpt lat="52.018179995786383" lon="-0.717159987482424">
    </trkpt>
    <trkpt lat="52.018199995786382" lon="-0.717169987482418">
    </trkpt>
    <trkpt lat="52.018219995786396" lon="-0.717169987482408">
    </trkpt>
    <trkpt lat="52.018259995786437" lon="-0.71715998748238">
    </trkpt>
    <trkpt lat="52.018309995786481" lon="-0.717289987482417">
    </trkpt>
    <trkpt lat="52.018339995786498" lon="-0.717339987482426">
    </trkpt>
    <trkpt lat="52.018369995786514" lon="-0.71737998748243">
    </trkpt>
    <trkpt lat="52.018389995786535" lon="-0.71739998748243">
    </trkpt>
    <trkpt lat="52.018399995786538" lon="-0.717409987482429">
    </trkpt>
    <trkpt lat="52.018499995786627" lon="-0.717409987482375">
    </trkpt>
    <trkpt lat="52.018519995786654" lon="-0.717419987482369">
    </trkpt>
    <trkpt lat="52.018609995786711" lon="-0.71775998748249">
    </trkpt>
    <trkpt lat="52.018619995786722" lon="-0.717799987482504">
    </trkpt>
    <trkpt lat="52.018639995786742" lon="-0.717809987482498">
    </trkpt>
    <trkpt lat="52.018729995786821" lon="-0.717839987482463">
    </trkpt>
    <trkpt lat="52.018739995786831" lon="-0.717849987482464">
    </trkpt>
    <trkpt lat="52.018829995786888" lon="-0.717879987482429">
    </trkpt>
    <trkpt lat="52.018959995787" lon="-0.717919987482379">
    </trkpt>
    <trkpt lat="52.019179995787177" lon="-0.717939987482269">
    </trkpt>
    <trkpt lat="52.019979995787821" lon="-0.718329987482028">
    </trkpt>
    <trkpt lat="52.020149995787961" lon="-0.718459987482">
    </trkpt>
    <trkpt lat="52.020259995788038" lon="-0.71853998748198">
    </trkpt>
    <trkpt lat="52.02062999578834" lon="-0.718869987481943">
    </trkpt>
    <trkpt lat="52.020849995788524" lon="-0.719089987481933">
    </trkpt>
    <trkpt lat="52.021099995788724" lon="-0.719389987481947">
    </trkpt>
    <trkpt lat="52.021209995788816" lon="-0.719499987481942">
    </trkpt>
    <trkpt lat="52.021299995788873" lon="-0.719569987481928">
    </trkpt>
    <trkpt lat="52.021469995789019" lon="-0.71967998748189">
    </trkpt>
    <trkpt lat="52.021629995789155" lon="-0.719769987481848">
    </trkpt>
    <trkpt lat="52.021899995789354" lon="-0.719899987481766">
    </trkpt>
    <trkpt lat="52.022129995789555" lon="-0.720009987481695">
    </trkpt>
    <trkpt lat="52.022329995789697" lon="-0.720079987481621">
    </trkpt>
    <trkpt lat="52.023129995790335" lon="-0.720309987481301">
    </trkpt>
    <trkpt lat="52.023199995790399" lon="-0.720319987481267">
    </trkpt>
    <trkpt lat="52.02380999579087" lon="-0.72040998748098">
    </trkpt>
    <trkpt lat="52.024009995791047" lon="-0.720439987480885">
    </trkpt>
    <trkpt lat="52.02404999579106" lon="-0.72044998748087">
    </trkpt>
    <trkpt lat="52.02423999579122" lon="-0.720449987480766">
    </trkpt>
    <trkpt lat="52.024299995791289" lon="-0.720449987480733">
    </trkpt>
    <trkpt lat="52.024429995791387" lon="-0.720439987480657">
    </trkpt>
    <trkpt lat="52.02443999579139" lon="-0.720439987480653">
    </trkpt>
    <trkpt lat="52.024579995791484" lon="-0.720399987480556">
    </trkpt>
    <trkpt lat="52.024599995791519" lon="-0.72038998748054">
    </trkpt>
    <trkpt lat="52.024749995791645" lon="-0.720329987480428">
    </trkpt>
    <trkpt lat="52.024929995791766" lon="-0.720279987480306">
    </trkpt>
    <trkpt lat="52.025079995791899" lon="-0.720259987480213">
    </trkpt>
    <trkpt lat="52.02523999579202" lon="-0.720259987480127">
    </trkpt>
    <trkpt lat="52.02535999579213" lon="-0.720309987480087">
    </trkpt>
    <trkpt lat="52.025339995792102" lon="-0.720579987480232">
    </trkpt>
    <trkpt lat="52.025339995792095" lon="-0.720669987480277">
    </trkpt>
    <trkpt lat="52.025359995792122" lon="-0.720719987480291">
    </trkpt>
    <trkpt lat="52.025379995792136" lon="-0.720769987480305">
    </trkpt>
    <trkpt lat="52.025389995792132" lon="-0.7207699874803">
    </trkpt>
    <trkpt lat="52.025419995792149" lon="-0.720799987480299">
    </trkpt>
    <trkpt lat="52.025689995792362" lon="-0.720989987480246">
    </trkpt>
    <trkpt lat="52.025769995792452" lon="-0.721059987480237">
    </trkpt>
    <trkpt lat="52.025889995792518" lon="-0.721159987480223">
    </trkpt>
    <trkpt lat="52.025919995792563" lon="-0.721179987480216">
    </trkpt>
    <trkpt lat="52.026069995792682" lon="-0.721299987480195">
    </trkpt>
    <trkpt lat="52.02610999579273" lon="-0.721339987480192">
    </trkpt>
    <trkpt lat="52.026369995792919" lon="-0.721619987480191">
    </trkpt>
    <trkpt lat="52.026399995792957" lon="-0.721659987480194">
    </trkpt>
    <trkpt lat="52.026609995793109" lon="-0.72193998748022">
    </trkpt>
    <trkpt lat="52.026619995793148" lon="-0.721989987480239">
    </trkpt>
    <trkpt lat="52.026639995793147" lon="-0.722029987480249">
    </trkpt>
    <trkpt lat="52.02665999579316" lon="-0.722159987480304">
    </trkpt>
    <trkpt lat="52.026769995793245" lon="-0.722179987480253">
    </trkpt>
    <trkpt lat="52.026869995793341" lon="-0.722199987480208">
    </trkpt>
    <trkpt lat="52.026989995793414" lon="-0.722229987480159">
    </trkpt>
    <trkpt lat="52.027139995793547" lon="-0.722249987480087">
    </trkpt>
    <trkpt lat="52.027169995793564" lon="-0.722249987480071">
    </trkpt>
    <trkpt lat="52.027289995793666" lon="-0.722249987480005">
    </trkpt>
    <trkpt lat="52.027439995793792" lon="-0.722239987479918">
    </trkpt>
    <trkpt lat="52.027559995793894" lon="-0.722239987479853">
    </trkpt>
    <trkpt lat="52.027669995793957" lon="-0.722249987479798">
    </trkpt>
    <trkpt lat="52.027779995794049" lon="-0.722289987479758">
    </trkpt>
    <trkpt lat="52.027879995794137" lon="-0.722329987479724">
    </trkpt>
    <trkpt lat="52.028089995794296" lon="-0.722419987479655">
    </trkpt>
    <trkpt lat="52.028219995794416" lon="-0.722479987479614">
    </trkpt>
    <trkpt lat="52.028249995794425" lon="-0.722499987479608">
    </trkpt>
    <trkpt lat="52.028299995794484" lon="-0.7225399874796">
    </trkpt>
    <trkpt lat="52.028389995794548" lon="-0.722619987479591">
    </trkpt>
    <trkpt lat="52.028439995794599" lon="-0.722659987479584">
    </trkpt>
    <trkpt lat="52.028469995794609" lon="-0.722689987479583">
    </trkpt>
    <trkpt lat="52.028479995794612" lon="-0.722689987479577">
    </trkpt>
    <trkpt lat="52.028619995794713" lon="-0.722839987479576">
    </trkpt>
    <trkpt lat="52.028669995794779" lon="-0.722889987479573">
    </trkpt>
    <trkpt lat="52.028849995794928" lon="-0.72307998747957">
    </trkpt>
    <trkpt lat="52.028939995794993" lon="-0.723169987479567">
    </trkpt>
    <trkpt lat="52.028979995795012" lon="-0.72319998747956">
    </trkpt>
    <trkpt lat="52.029109995795132" lon="-0.723329987479554">
    </trkpt>
    <trkpt lat="52.029259995795229" lon="-0.723429987479522">
    </trkpt>
    <trkpt lat="52.029309995795295" lon="-0.723489987479525">
    </trkpt>
    <trkpt lat="52.029329995795308" lon="-0.723519987479529">
    </trkpt>
    <trkpt lat="52.029369995795342" lon="-0.723559987479528">
    </trkpt>
    <trkpt lat="52.029529995795457" lon="-0.72369998747951">
    </trkpt>
    <trkpt lat="52.029519995795454" lon="-0.723949987479641">
    </trkpt>
    <trkpt lat="52.02948999579543" lon="-0.724069987479718">
    </trkpt>
    <trkpt lat="52.029439995795407" lon="-0.724779987480099">
    </trkpt>
    <trkpt lat="52.029399995795359" lon="-0.725369987480416">
    </trkpt>
    <trkpt lat="52.029359995795339" lon="-0.725969987480739">
    </trkpt>
    <trkpt lat="52.029349995795343" lon="-0.726149987480833">
    </trkpt>
    <trkpt lat="52.029319995795305" lon="-0.72656998748106">
    </trkpt>
    <trkpt lat="52.029309995795316" lon="-0.726789987481175">
    </trkpt>
    <trkpt lat="52.029309995795316" lon="-0.726909987481236">
    </trkpt>
    <trkpt lat="52.029329995795329" lon="-0.727009987481275">
    </trkpt>
    <trkpt lat="52.029349995795343" lon="-0.727109987481314">
    </trkpt>
    <trkpt lat="52.029369995795371" lon="-0.727179987481338">
    </trkpt>
    <trkpt lat="52.029419995795415" lon="-0.727369987481406">
    </trkpt>
    <trkpt lat="52.029469995795438" lon="-0.727479987481434">
    </trkpt>
    <trkpt lat="52.029509995795486" lon="-0.727599987481472">
    </trkpt>
    <trkpt lat="52.02958999579554" lon="-0.727879987481569">
    </trkpt>
    <trkpt lat="52.029619995795549" lon="-0.727989987481607">
    </trkpt>
    <trkpt lat="52.029619995795571" lon="-0.728049987481637">
    </trkpt>
    <trkpt lat="52.029619995795564" lon="-0.728129987481677">
    </trkpt>
    <trkpt lat="52.029669995795608" lon="-0.72818998748168">
    </trkpt>
    <trkpt lat="52.029729995795662" lon="-0.728299987481703">
    </trkpt>
    <trkpt lat="52.02983999579574" lon="-0.728449987481718">
    </trkpt>
    <trkpt lat="52.029979995795856" lon="-0.728599987481716">
    </trkpt>
    <trkpt lat="52.030159995796005" lon="-0.728729987481684">
    </trkpt>
    <trkpt lat="52.030369995796157" lon="-0.728859987481634">
    </trkpt>
    <trkpt lat="52.030579995796344" lon="-0.72899998748159">
    </trkpt>
    <trkpt lat="52.030599995796358" lon="-0.729019987481589">
    </trkpt>
    <trkpt lat="52.030619995796378" lon="-0.729049987481594">
    </trkpt>
    <trkpt lat="52.030639995796392" lon="-0.729079987481597">
    </trkpt>
    <trkpt lat="52.030659995796405" lon="-0.729119987481607">
    </trkpt>
    <trkpt lat="52.030709995796428" lon="-0.72925998748165">
    </trkpt>
    <trkpt lat="52.030779995796486" lon="-0.729469987481717">
    </trkpt>
    <trkpt lat="52.03085999579654" lon="-0.729779987481827">
    </trkpt>
    <trkpt lat="52.030889995796592" lon="-0.729929987481887">
    </trkpt>
    <trkpt lat="52.030909995796613" lon="-0.729989987481907">
    </trkpt>
    <trkpt lat="52.030909995796613" lon="-0.730019987481921">
    </trkpt>
    <trkpt lat="52.030929995796626" lon="-0.730059987481931">
    </trkpt>
    <trkpt lat="52.030949995796647" lon="-0.730089987481935">
    </trkpt>
    <trkpt lat="52.030979995796656" lon="-0.730109987481928">
    </trkpt>
    <trkpt lat="52.031139995796785" lon="-0.730239987481906">
    </trkpt>
    <trkpt lat="52.03119999579684" lon="-0.7302899874819">
    </trkpt>
    <trkpt lat="52.03122999579687" lon="-0.730299987481888">
    </trkpt>
    <trkpt lat="52.031239995796874" lon="-0.730319987481892">
    </trkpt>
    <trkpt lat="52.031259995796894" lon="-0.730359987481901">
    </trkpt>
    <trkpt lat="52.031279995796915" lon="-0.730419987481921">
    </trkpt>
    <trkpt lat="52.031309995796917" lon="-0.730469987481929">
    </trkpt>
    <trkpt lat="52.031339995796955" lon="-0.730519987481937">
    </trkpt>
    <trkpt lat="52.031359995796976" lon="-0.730549987481942">
    </trkpt>
    <trkpt lat="52.031389995796985" lon="-0.730579987481941">
    </trkpt>
    <trkpt lat="52.031529995797115" lon="-0.7306499874819">
    </trkpt>
    <trkpt lat="52.031549995797114" lon="-0.730699987481913">
    </trkpt>
    <trkpt lat="52.031599995797166" lon="-0.730779987481927">
    </trkpt>
    <trkpt lat="52.031659995797206" lon="-0.730879987481944">
    </trkpt>
    <trkpt lat="52.031689995797223" lon="-0.730959987481967">
    </trkpt>
    <trkpt lat="52.031739995797267" lon="-0.73111998748202">
    </trkpt>
    <trkpt lat="52.031769995797305" lon="-0.731209987482049">
    </trkpt>
    <trkpt lat="52.031799995797329" lon="-0.731279987482068">
    </trkpt>
    <trkpt lat="52.031829995797352" lon="-0.731339987482081">
    </trkpt>
    <trkpt lat="52.03193999579743" lon="-0.731519987482112">
    </trkpt>
    <trkpt lat="52.032119995797579" lon="-0.731339987481924">
    </trkpt>
    <trkpt lat="52.032319995797728" lon="-0.73112998748171">
    </trkpt>
    <trkpt lat="52.032529995797901" lon="-0.730969987481515">
    </trkpt>
    <trkpt lat="52.03292999579822" lon="-0.730729987481178">
    </trkpt>
    <trkpt lat="52.033199995798441" lon="-0.730539987480936">
    </trkpt>
    <trkpt lat="52.033419995798617" lon="-0.730369987480731">
    </trkpt>
    <trkpt lat="52.033649995798783" lon="-0.730199987480521">
    </trkpt>
    <trkpt lat="52.033839995798949" lon="-0.730059987480348">
    </trkpt>
    <trkpt lat="52.034049995799101" lon="-0.729919987480163">
    </trkpt>
    <trkpt lat="52.034149995799183" lon="-0.729859987480079">
    </trkpt>
    <trkpt lat="52.034359995799349" lon="-0.729789987479929">
    </trkpt>
    <trkpt lat="52.034589995799536" lon="-0.729729987479775">
    </trkpt>
    <trkpt lat="52.034739995799647" lon="-0.729679987479668">
    </trkpt>
    <trkpt lat="52.034809995799691" lon="-0.72969998747964">
    </trkpt>
    <trkpt lat="52.034839995799729" lon="-0.729729987479639">
    </trkpt>
    <trkpt lat="52.034869995799752" lon="-0.729859987479687">
    </trkpt>
    <trkpt lat="52.034939995799817" lon="-0.729989987479715">
    </trkpt>
    <trkpt lat="52.035139995799973" lon="-0.730139987479681">
    </trkpt>
    <trkpt lat="52.035259995800097" lon="-0.730219987479655">
    </trkpt>
    <trkpt lat="52.035429995800214" lon="-0.730399987479653">
    </trkpt>
    <trkpt lat="52.035489995800255" lon="-0.730489987479665">
    </trkpt>
    <trkpt lat="52.035989995800669" lon="-0.731389987479844">
    </trkpt>
    <trkpt lat="52.036149995800798" lon="-0.731669987479897">
    </trkpt>
    <trkpt lat="52.036279995800882" lon="-0.731849987479917">
    </trkpt>
    <trkpt lat="52.036459995801046" lon="-0.73206998747993">
    </trkpt>
    <trkpt lat="52.036469995801042" lon="-0.732079987479928">
    </trkpt>
    <trkpt lat="52.03648999580107" lon="-0.732129987479943">
    </trkpt>
    <trkpt lat="52.036569995801131" lon="-0.732179987479925">
    </trkpt>
    <trkpt lat="52.036599995801154" lon="-0.732189987479913">
    </trkpt>
    <trkpt lat="52.036619995801182" lon="-0.732199987479907">
    </trkpt>
    <trkpt lat="52.036669995801226" lon="-0.732229987479896">
    </trkpt>
    <trkpt lat="52.036719995801256" lon="-0.732229987479868">
    </trkpt>
    <trkpt lat="52.036829995801362" lon="-0.732219987479804">
    </trkpt>
    <trkpt lat="52.037249995801687" lon="-0.732259987479595">
    </trkpt>
    <trkpt lat="52.037929995802209" lon="-0.73214998747917">
    </trkpt>
    <trkpt lat="52.038049995802304" lon="-0.732089987479075">
    </trkpt>
    <trkpt lat="52.038239995802456" lon="-0.731989987478921">
    </trkpt>
    <trkpt lat="52.039149995803172" lon="-0.731429987478146">
    </trkpt>
    <trkpt lat="52.039259995803285" lon="-0.731349987478047">
    </trkpt>
    <trkpt lat="52.039269995803252" lon="-0.731349987478042">
    </trkpt>
    <trkpt lat="52.039289995803308" lon="-0.731339987478025">
    </trkpt>
    <trkpt lat="52.039329995803314" lon="-0.731329987477998">
    </trkpt>
    <trkpt lat="52.039369995803369" lon="-0.731299987477962">
    </trkpt>
    <trkpt lat="52.039429995803403" lon="-0.731259987477909">
    </trkpt>
    <trkpt lat="52.040369995804163" lon="-0.730579987477058">
    </trkpt>
    <trkpt lat="52.040779995804463" lon="-0.730389987476739">
    </trkpt>
    <trkpt lat="52.040989995804637" lon="-0.73031998747659">
    </trkpt>
    <trkpt lat="52.041019995804668" lon="-0.730299987476564">
    </trkpt>
    <trkpt lat="52.041109995804732" lon="-0.730259987476495">
    </trkpt>
    <trkpt lat="52.041269995804868" lon="-0.730169987476362">
    </trkpt>
    <trkpt lat="52.041479995805055" lon="-0.730059987476193">
    </trkpt>
    <trkpt lat="52.04167999580519" lon="-0.729999987476055">
    </trkpt>
    <trkpt lat="52.041949995805403" lon="-0.729999987475908">
    </trkpt>
    <trkpt lat="52.042239995805645" lon="-0.72997998747574">
    </trkpt>
    <trkpt lat="52.043039995806275" lon="-0.72988998747526">
    </trkpt>
    <trkpt lat="52.043269995806469" lon="-0.72987998747513">
    </trkpt>
    <trkpt lat="52.043509995806652" lon="-0.72991998747502">
    </trkpt>
    <trkpt lat="52.04365999580677" lon="-0.729979987474968">
    </trkpt>
    <trkpt lat="52.043819995806878" lon="-0.730109987474946">
    </trkpt>
    <trkpt lat="52.044119995807151" lon="-0.730409987474933">
    </trkpt>
    <trkpt lat="52.044179995807191" lon="-0.730489987474941">
    </trkpt>
    <trkpt lat="52.044289995807276" lon="-0.730629987474951">
    </trkpt>
    <trkpt lat="52.044699995807605" lon="-0.73126998747505">
    </trkpt>
    <trkpt lat="52.045139995807972" lon="-0.731999987475175">
    </trkpt>
    <trkpt lat="52.045199995808019" lon="-0.732189987475239">
    </trkpt>
    <trkpt lat="52.045229995808029" lon="-0.732289987475272">
    </trkpt>
    <trkpt lat="52.045249995808049" lon="-0.732399987475317">
    </trkpt>
    <trkpt lat="52.045339995808128" lon="-0.732579987475358">
    </trkpt>
    <trkpt lat="52.045359995808148" lon="-0.732609987475362">
    </trkpt>
    <trkpt lat="52.045399995808189" lon="-0.732669987475371">
    </trkpt>
    <trkpt lat="52.045409995808193" lon="-0.732669987475366">
    </trkpt>
    <trkpt lat="52.045409995808193" lon="-0.73267998747537">
    </trkpt>
    <trkpt lat="52.045449995808234" lon="-0.732739987475378">
    </trkpt>
    <trkpt lat="52.045589995808328" lon="-0.732919987475393">
    </trkpt>
    <trkpt lat="52.045589995808349" lon="-0.732929987475398">
    </trkpt>
    <trkpt lat="52.045629995808383" lon="-0.732989987475406">
    </trkpt>
    <trkpt lat="52.045689995808402" lon="-0.733059987475409">
    </trkpt>
    <trkpt lat="52.045809995808526" lon="-0.733139987475383">
    </trkpt>
    <trkpt lat="52.046039995808691" lon="-0.733349987475363">
    </trkpt>
    <trkpt lat="52.046419995809011" lon="-0.733739987475352">
    </trkpt>
    <trkpt lat="52.046579995809125" lon="-0.733839987475316">
    </trkpt>
    <trkpt lat="52.046769995809292" lon="-0.733929987475258">
    </trkpt>
    <trkpt lat="52.046919995809397" lon="-0.733979987475201">
    </trkpt>
    <trkpt lat="52.047649995809969" lon="-0.733819987474725">
    </trkpt>
    <trkpt lat="52.048579995810712" lon="-0.733439987474028">
    </trkpt>
    <trkpt lat="52.048969995811049" lon="-0.733159987473676">
    </trkpt>
    <trkpt lat="52.049379995811371" lon="-0.732899987473323">
    </trkpt>
    <trkpt lat="52.049739995811649" lon="-0.732669987473012">
    </trkpt>
    <trkpt lat="52.04982999581172" lon="-0.732599987472929">
    </trkpt>
    <trkpt lat="52.04982999581172" lon="-0.732589987472923">
    </trkpt>
    <trkpt lat="52.04986999581174" lon="-0.732449987472832">
    </trkpt>
    <trkpt lat="52.049919995811791" lon="-0.732399987472779">
    </trkpt>
    <trkpt lat="52.049949995811815" lon="-0.732369987472748">
    </trkpt>
    <trkpt lat="52.049979995811817" lon="-0.732359987472727">
    </trkpt>
    <trkpt lat="52.050019995811887" lon="-0.732359987472704">
    </trkpt>
    <trkpt lat="52.050049995811882" lon="-0.732339987472679">
    </trkpt>
    <trkpt lat="52.050069995811903" lon="-0.732299987472648">
    </trkpt>
    <trkpt lat="52.050089995811916" lon="-0.732209987472592">
    </trkpt>
    <trkpt lat="52.050099995811927" lon="-0.732099987472531">
    </trkpt>
    <trkpt lat="52.05010999581193" lon="-0.73206998747251">
    </trkpt>
    <trkpt lat="52.05012999581195" lon="-0.731959987472444">
    </trkpt>
    <trkpt lat="52.05012999581195" lon="-0.731899987472415">
    </trkpt>
    <trkpt lat="52.050189995811991" lon="-0.731049987471956">
    </trkpt>
    <trkpt lat="52.050209995812011" lon="-0.730719987471779">
    </trkpt>
    <trkpt lat="52.050229995812003" lon="-0.730019987471418">
    </trkpt>
    <trkpt lat="52.050239995812028" lon="-0.729689987471247">
    </trkpt>
    <trkpt lat="52.050249995812045" lon="-0.729409987471101">
    </trkpt>
    <trkpt lat="52.05028999581203" lon="-0.729109987470929">
    </trkpt>
    <trkpt lat="52.050319995812075" lon="-0.728769987470743">
    </trkpt>
    <trkpt lat="52.050409995812124" lon="-0.727929987470272">
    </trkpt>
    <trkpt lat="52.050419995812142" lon="-0.727879987470242">
    </trkpt>
    <trkpt lat="52.050499995812203" lon="-0.727239987469878">
    </trkpt>
    <trkpt lat="52.050569995812253" lon="-0.726749987469595">
    </trkpt>
    <trkpt lat="52.050579995812257" lon="-0.726659987469544">
    </trkpt>
    <trkpt lat="52.050629995812294" lon="-0.726349987469362">
    </trkpt>
    <trkpt lat="52.050869995812491" lon="-0.724599987468354">
    </trkpt>
    <trkpt lat="52.050899995812514" lon="-0.724449987468263">
    </trkpt>
    <trkpt lat="52.05077999581242" lon="-0.724369987468289">
    </trkpt>
    <trkpt lat="52.050699995812344" lon="-0.724279987468286">
    </trkpt>
    <trkpt lat="52.050619995812269" lon="-0.724169987468275">
    </trkpt>
    <trkpt lat="52.050479995812168" lon="-0.723879987468205">
    </trkpt>
    <trkpt lat="52.050259995811984" lon="-0.723339987468056">
    </trkpt>
    <trkpt lat="52.0501499958119" lon="-0.72306998746798">
    </trkpt>
    <trkpt lat="52.050119995811855" lon="-0.723019987467971">
    </trkpt>
    <trkpt lat="52.050059995811814" lon="-0.722929987467958">
    </trkpt>
    <trkpt lat="52.05006999581181" lon="-0.722939987467959">
    </trkpt>
    <trkpt lat="52.050079995811842" lon="-0.722909987467938">
    </trkpt>
  </trkseg>
</trk>
</gpx>
